Disciplina;SerieOrigem;Codigo;Habilidade
Artes;;EF69AR01;Pesquisar, apreciar e analisar formas distintas das artes visuais tradicionais e contemporâneas.a com diferentes contextos e práticas artístico-visuais e cultivar a percepção, o imaginário, a capacidade de simbolizar e o repertório imagético.
Artes;;EF69AR02;Pesquisar e analisar diferentes estilos visuais, contextualizando-os no tempo e no espaço.
Artes;;EF69AR03;Analisar situações nas quais as linguagens das artes visuais se integram às linguagens audiovisuais (cinema, animações, vídeos etc.), gráficas (capas de livros, ilustrações de textos diversos etc.), cenográficas, coreográficas, musicais etc..
Artes;;EF69AR04;Analisar os elementos constitutivos das artes visuais (ponto, linha, forma, direção, cor, tom, escala, dimensão, espaço, movimento etc.) na apreciação de diferentes produções artísticas.
Artes;;EF69AR05;Experimentar e analisar diferentes formas de expressão artística (desenho, pintura, colagem, quadrinhos, dobradura, escultura, modelagem, instalação, vídeo, fotografia, performance etc.).
Artes;;EF69AR06;Desenvolver processos de criação em artes visuais, com base em temas ou interesses artísticos, de modo individual, coletivo e colaborativo, fazendo uso de materiais, instrumentos e recursos convencionais, alternativos e digitais.
Artes;;EF69AR07;Dialogar com princípios conceituais, proposições temáticas, repertórios imagéticos e processos de criação nas suas produções visuais.
Artes;;EF69AR08;Diferenciar as categorias de artista, artesão, produtor cultural, curador, designer, entre outras, estabelecendo relações entre os profissionais do sistema das artes visuais.
Artes;;EF69AR09;Pesquisar e analisar diferentes formas de expressão, representação e encenação da dança, reconhecendo e apreciando composições de dança de artistas e grupos brasileiros e estrangeiros de diferentes épocas.
Artes;;EF69AR10;Explorar elementos constitutivos do movimento cotidiano e do movimento dançado abordando, criticamente, o desenvolvimento das formas da dança em sua história tradicional e contemporânea.
Artes;;EF69AR11;Experimentar e analisar os fatores de movimento (tempo, peso, fluência e espaço) como elementos que, combinados, geram as ações corporais e o movimento dançado.
Artes;;EF69AR12;Investigar e experimentar procedimentos de improvisação e criação do movimento como fonte para a construção de vocabulários e repertórios próprios.
Artes;;EF69AR13;Investigar brincadeiras, jogos, danças coletivas e outras práticas de dança de diferentes matrizes estéticas e culturais como referência para a criação e a composição de danças autorais, individualmente e em grupo.
Artes;;EF69AR14;Analisar e experimentar diferentes elementos e espaços para composição cênica e apresentação coreográfica.
Artes;;EF69AR15;Discutir as experiências pessoais e coletivas em dança vivenciadas na escola e em outros contextos, problematizando estereótipos e preconceitos.
Artes;;EF69AR16;Analisar criticamente, por meio da apreciação musical, usos e funções da música em seus contextos de produção e circulação, relacionando as práticas musicais às diferentes dimensões da vida social, cultural, política, histórica, econômica, estética e ética.
Artes;;EF69AR17;Explorar e analisar, criticamente, diferentes meios e equipamentos culturais de circulação da música e do conhecimento musical.
Artes;;EF69AR18;Reconhecer e apreciar o papel de músicos e grupos de música brasileiros e estrangeiros que contribuíram para o desenvolvimento de formas e gêneros musicais.
Artes;;EF69AR19;Identificar e analisar diferentes estilos musicais, contextualizando-os no tempo e no espaço, de modo a aprimorar a capacidade de apreciação da estética musical.
Artes;;EF69AR20;Explorar e analisar elementos constitutivos da música (altura, intensidade, timbre, melodia, ritmo etc.), por meio de recursos tecnológicos (games e plataformas digitais), jogos, canções e práticas diversas de composição/criação, execução e apreciação musicais.
Artes;;EF69AR21;Explorar e analisar fontes e materiais sonoros em práticas de composição/criação, execução e apreciação musical, reconhecendo timbres e características de instrumentos musicais diversos.
Artes;;EF69AR22;Explorar e identificar diferentes formas de registro musical, bem como procedimentos e técnicas de registro em áudio e audiovisual.
Artes;;EF69AR23;Explorar e criar improvisações, composições, arranjos, jingles, trilhas sonoras, entre outros, utilizando vozes, sons corporais e/ou instrumentos acústicos ou eletrônicos, convencionais ou não convencionais, expressando ideias musicais de maneira individual, coletiva e colaborativa.
Artes;;EF69AR24;Reconhecer e apreciar artistas e grupos de teatro brasileiros e estrangeiros de diferentes épocas, investigando os modos de criação, produção, divulgação, circulação e organização da atuação profissional em teatro.
Artes;;EF69AR25;Identificar e analisar diferentes estilos cênicos, contextualizando-os no tempo e no espaço de modo a aprimorar a capacidade de apreciação da estética teatral.
Artes;;EF69AR26;Explorar diferentes elementos envolvidos na composição dos acontecimentos cênicos (figurinos, adereços, cenário, iluminação e sonoplastia) e reconhecer seus vocabulários.
Artes;;EF69AR27;Pesquisar e criar formas de dramaturgias e espaços cênicos para o acontecimento teatral, em diálogo com o teatro contemporâneo.
Artes;;EF69AR28;Investigar e experimentar diferentes funções teatrais e discutir os limites e desafios do trabalho artístico coletivo e colaborativo.
Artes;;EF69AR29;Experimentar a gestualidade e as construções corporais e vocais de maneira imaginativa na improvisação teatral e no jogo cênico.
Artes;;EF69AR30;Compor improvisações e acontecimentos cênicos com base em textos dramáticos ou outros estímulos (música, imagens, objetos etc.), caracterizando personagens (com figurinos e adereços), cenário, iluminação e sonoplastia e considerando a relação com o espectador
Artes;;EF69AR31;Relacionar as práticas artísticas às diferentes dimensões da vida social, cultural, política, histórica, econômica, estética e ética.
Artes;;EF69AR32;Analisar e explorar, em projetos temáticos, as relações processuais entre diversas linguagens artísticas.
Artes;;EF69AR33;Analisar aspectos históricos, sociais e políticos da produção artística, problematizando as narrativas eurocêntricas e as diversas categorizações da arte (arte, artesanato, folclore, design etc.).
Artes;;EF69AR34;Analisar e valorizar o patrimônio cultural, material e imaterial, de culturas diversas, em especial a brasileira, incluindo suas matrizes indígenas, africanas e europeias, de diferentes épocas, e favorecendo a construção de vocabulário e repertório relativos às diferentes linguagens artísticas.
Artes;;EF69AR35;Identificar e manipular diferentes tecnologias e recursos digitais para acessar, apreciar, produzir, registrar e compartilhar práticas e repertórios artísticos, de modo reflexivo, ético e responsável.
Ciências;6º Ano;EF06CI01;Classificar como homogênea ou heterogênea a mistura de dois ou mais materiais (água e sal, água e óleo, água e areia etc.).
Ciências;6º Ano;EF06CI02;Identificar evidências de transformações químicas a partir do resultado de misturas de materiais que originam produtos diferentes dos que foram misturados (mistura de ingredientes para fazer um bolo, mistura de vinagre com bicarbonato de sódio etc.).
Ciências;6º Ano;EF06CI03;Selecionar métodos mais adequados para a separação de diferentes sistemas heterogêneos a partir da identificação de processos de separação de materiais (como a produção de sal de cozinha, a destilação de petróleo, entre outros).
Ciências;6º Ano;EF06CI04;Associar a produção de medicamentos e outros materiais sintéticos ao desenvolvimento científico e tecnológico, reconhecendo benefícios e avaliando impactos socioambientais.
Ciências;6º Ano;EF06CI05;Explicar a organização básica das células e seu papel como unidade estrutural e funcional dos seres vivos.
Ciências;6º Ano;EF06CI06;Concluir, com base na análise de ilustrações e/ou modelos (físicos ou digitais), que os organismos são um complexo arranjo de sistemas com diferentes níveis de organização.
Ciências;6º Ano;EF06CI07;Justificar o papel do sistema nervoso na coordenação das ações motoras e sensoriais do corpo, com base na análise de suas estruturas básicas e respectivas funções.
Ciências;6º Ano;EF06CI08;Explicar a importância da visão (captação e interpretação das imagens) na interação do organismo com o meio e com base no funcionamento do olho humano, selecionar lentes adequadas para a correção de diferentes defeitos da visão.
Ciências;6º Ano;EF06CI09;Deduzir que a estrutura, a sustentação e a movimentação dos animais resultam da interação entre os sistemas muscular, ósseo e nervoso.
Ciências;6º Ano;EF06CI10;Explicar como o funcionamento do sistema nervoso pode ser afetado por substâncias psicoativas.
Ciências;6º Ano;EF06CI11;Identificar as diferentes camadas que estruturam o planeta Terra (da estrutura interna à atmosfera) e suas principais características.
Ciências;6º Ano;EF06CI12;Identificar diferentes tipos de rocha, relacionando a formação de fósseis a rochas sedimentares em diferentes períodos geológicos.
Ciências;6º Ano;EF06CI13;Selecionar argumentos e evidências que demonstrem a esfericidade da Terra.
Ciências;6º Ano;EF06CI14;Inferir que as mudanças na sombra de uma vara (gnômon) ao longo do dia em diferentes períodos do ano são uma evidência dos movimentos relativos entre a Terra e o Sol, que podem ser explicados por meio dos movimentos de rotação e translação da Terra e da inclinação de seu eixo de rotação em relação ao plano de sua órbita em torno do Sol.
Ciências;7º Ano;EF07CI01;Discutir a aplicação, ao longo da história, das máquinas simples e propor soluções e invenções para a realização de tarefas mecânicas cotidianas.
Ciências;7º Ano;EF07CI02;Diferenciar temperatura, calor e sensação térmica nas diferentes situações de equilíbrio termodinâmico cotidianas.
Ciências;7º Ano;EF07CI03;Utilizar o conhecimento das formas de propagação do calor para justificar a utilização de determinados materiais (condutores e isolantes) na vida cotidiana, explicar o princípio de funcionamento de alguns equipamentos (garrafa térmica, coletor solar etc.) e/ou construir soluções tecnológicas a partir desse conhecimento.
Ciências;7º Ano;EF07CI04;Avaliar o papel do equilíbrio termodinâmico para a manutenção da vida na Terra, para o funcionamento de máquinas térmicas e em outras situações cotidianas.
Ciências;7º Ano;EF07CI05;Discutir o uso de diferentes tipos de combustível e máquinas térmicas ao longo do tempo, para avaliar avanços, questões econômicas e problemas socioambientais causados pela produção e uso desses materiais e máquinas.
Ciências;7º Ano;EF07CI06;Discutir e avaliar mudanças econômicas, culturais e sociais, tanto na vida cotidiana quanto no mundo do trabalho, decorrentes do desenvolvimento de novos materiais e tecnologias (como automação e informatização).
Ciências;7º Ano;EF07CI07;Caracterizar os principais ecossistemas brasileiros quanto à paisagem, à quantidade de água, ao tipo de solo, à disponibilidade de luz solar, à temperatura etc., cor- relacionando essas característi- cas à flora e fauna específicas.
Ciências;7º Ano;EF07CI08;Avaliar como os impactos provocados por catástrofes naturais ou mudanças nos componentes físicos, biológicos ou sociais de um ecossistema afetam suas populações, podendo ameaçar ou provocar a extinção de espécies, alteração de hábitos, migração etc.
Ciências;7º Ano;EF07CI09;Interpretar as condições de saúde da comunidade, cidade ou estado, com base na análise e comparação de indicadores de saúde (como taxa de mortalidade infantil, cobertura de saneamento básico e incidência de doenças de veiculação hídrica, atmosférica entre outras) e dos resultados de políticas públicas destinadas à saúde.
Ciências;7º Ano;EF07CI10;Argumentar sobre a importância da vacinação para a saúde pública, com base em informações sobre a maneira como a vacina atua no organismo e o papel histórico da vacinação para a manutenção da saúde individual e coletiva e para a erradicação de doenças.
Ciências;7º Ano;EF07CI11;Analisar historicamente o uso da tecnologia, incluindo a digital, nas diferentes dimensões da vida humana, considerando indicadores ambientais e de qualidade de vida.
Ciências;7º Ano;EF07CI12;Demonstrar que o ar é uma mistura de gases, identificando sua composição, e discutir fenômenos naturais ou antrópicos que podem alterar essa composição.
Ciências;7º Ano;EF07CI13;Descrever o mecanismo natural do efeito estufa, seu papel fundamental para o desenvolvimento da vida na Terra, discutir as ações humanas responsáveis pelo seu aumento artificial (queima dos combustíveis fósseis, desmatamento, queimadas etc.) e selecionar e implementar propostas para a reversão ou controle desse quadro.
Ciências;7º Ano;EF07CI14;Justificar a importância da camada de ozônio para a vida na Terra, identificando os fatores que aumentam ou diminuem sua presença na atmosfera, e discutir propostas individuais e coletivas para sua preservação.
Ciências;7º Ano;EF07CI15;Interpretar fenômenos naturais (como vulcões, terremotos e tsunamis) e justificar a rara ocorrência desses fenômenos no Brasil, com base no modelo das placas tectônicas.
Ciências;7º Ano;EF07CI16;Justificar o formato das costas brasileira e africana com base na teoria da deriva dos continentes.
Ciências;8º Ano;EF08CI01;Identificar e classificar diferentes fontes (renováveis e não renováveis) e tipos de energia utilizados em residências, comunidades ou cidades.
Ciências;8º Ano;EF08CI02;Construir circuitos elétricos com pilha/bateria, fios e lâmpada ou outros dispositivos e compará-los a circuitos elétricos residenciais.
Ciências;8º Ano;EF08CI03;Classificar equipamentos elétricos residenciais (chuveiro, ferro, lâmpadas, TV, rádio, geladeira etc.) de acordo com o tipo de transformação de energia (da energia elétrica para a térmica, luminosa, sonora e mecânica, por exemplo).
Ciências;8º Ano;EF08CI04;Calcular o consumo de eletrodomésticos a partir dos dados de potência (descritos no próprio equipamento) e tempo médio de uso para avaliar o impacto de cada equipamento no consumo doméstico mensal.
Ciências;8º Ano;EF08CI05;Propor ações coletivas para otimizar o uso de energia elétrica em sua escola e/ou comunidade, com base na seleção de equipamentos segundo critérios de sustentabilidade (consumo de energia e eficiência energética) e hábitos de consumo responsável.
Ciências;8º Ano;EF08CI06;Discutir e avaliar usinas de geração de energia elétrica (termelétricas, hidrelétricas, eólicas etc.), suas semelhanças e diferenças, seus impactos socioambientais, e como essa energia chega e é usada em sua cidade, comunidade, casa ou escola.
Ciências;8º Ano;EF08CI07;Comparar diferentes processos reprodutivos em plantas e animais em relação aos mecanismos adaptativos e evolutivos.
Ciências;8º Ano;EF08CI08;Analisar e explicar as transformações que ocorrem na puberdade considerando a atuação dos hormônios sexuais e do sistema nervoso.
Ciências;8º Ano;EF08CI09;Comparar o modo de ação e a eficácia dos diversos métodos contraceptivos e justificar a necessidade de compartilhar a responsabilidade na escolha e na utilização do método mais adequado à prevenção da gravidez precoce e indesejada e de Infecções Sexualmente Transmissíveis (ISTs).
Ciências;8º Ano;EF08CI10;Identificar os principais sintomas, modos de transmissão e tratamento de algumas DST (com ênfase na AIDS), e discutir estratégias e métodos de prevenção.
Ciências;8º Ano;EF08CI11;Selecionar argumentos que evidenciem as múltiplas dimensões da sexualidade humana (biológica, sociocultural, afetiva e ética).
Ciências;8º Ano;EF08CI12;Justificar, por meio da construção de modelos e da observação da Lua, a ocorrência das fases da Lua e dos eclipses, com base nas posições relativas entre Sol, Terra e Lua.
Ciências;8º Ano;EF08CI13;Representar os movimentos de rotação e translação da Terra e analisar o papel da inclinação do eixo de rotação da Terra em relação à sua órbita na ocorrência das estações do ano, com a utilização de modelos tridimensionais.
Ciências;8º Ano;EF08CI14;Relacionar climas regionais aos padrões de circulação atmosférica e oceânica e ao aquecimento desigual causado pela forma e pelos movimentos da Terra.
Ciências;8º Ano;EF08CI15;Identificar as principais variáveis envolvidas na previsão do tempo e simular situações nas quais elas possam ser medidas.
Ciências;8º Ano;EF08CI16;Discutir iniciativas que contribuam para restabelecer o equilíbrio ambiental a partir da identificação de alterações climáticas regionais e globais provocadas pela intervenção humana.
Ciências;9º Ano;EF09CI01;Investigar as mudanças de estado físico da matéria e explicar essas transformações com base no modelo de constituição submicroscópica.
Ciências;9º Ano;EF09CI02;Comparar quantidades de reagentes e produtos envolvidos em transformações químicas, estabelecendo a proporção entre as suas massas.
Ciências;9º Ano;EF09CI03;Identificar modelos que descrevem a estrutura da matéria (constituição do átomo e composição de moléculas simples) e reconhecer sua evolução histórica.
Ciências;9º Ano;EF09CI04;Planejar e executar experimentos que evidenciem que todas as cores de luz podem ser formadas pela composição das três cores primárias da luz e que a cor de um objeto está relacionada também à cor da luz que o ilumina.
Ciências;9º Ano;EF09CI05;Investigar os principais mecanismos envolvidos na transmissão e recepção de imagem e som que revolucionaram os sistemas de Comunicação humana.
Ciências;9º Ano;EF09CI06;Classificar as radiações eletromagnéticas por suas frequências, fontes e aplicações, discutindo e avaliando as implicações de seu uso em controle remoto, telefone celular, raio X, forno de micro-ondas, fotocélulas etc.
Ciências;9º Ano;EF09CI07;Discutir o papel do avanço tecnológico na aplicação das radiações na medicina diagnóstica (raio X, ultrassom, ressonância nuclear magnética) e no tratamento de doenças (radioterapia, cirurgia óptica a laser, infravermelho, ultravioleta etc.).
Ciências;9º Ano;EF09CI08;Associar os gametas à transmissão das características hereditárias, estabelecendo relações entre ancestrais e descendentes.
Ciências;9º Ano;EF09CI09;Discutir as ideias de Mendel sobre hereditariedade (fatores hereditários, segregação, gametas, fecundação), considerando-as para resolver problemas envolvendo a transmissão de características hereditárias em diferentes organismos.
Ciências;9º Ano;EF09CI10;Comparar as ideias evolucionistas de Lamarck e Darwin apresentadas em textos científicos e históricos, identificando semelhanças e diferenças entre essas ideias e sua importância para explicar a diversidade biológica.
Ciências;9º Ano;EF09CI11;Discutir a evolução e a diversidade das espécies com base na atuação da seleção natural sobre as variantes de uma mesma espécie, resultantes de processo reprodutivo.
Ciências;9º Ano;EF09CI12;Justificar a importância das unidades de conservação para a preservação da biodiversidade e do patrimônio nacional, considerando os diferentes tipos de unidades (parques, reservas e florestas nacionais), as populações humanas e as atividades a eles relacionados.
Ciências;9º Ano;EF09CI13;Propor iniciativas individuais e coletivas para a solução de problemas ambientais da cidade ou da comunidade, com base na análise de ações de consumo consciente e de sustentabilidade bem-sucedidas.
Ciências;9º Ano;EF09CI14;Descrever a composição e a estrutura do Sistema Solar (Sol, planetas rochosos, planetas gigantes gasosos e corpos menores), assim como a localização do Sistema Solar na nossa Galáxia (a Via Láctea) e dela no Universo (apenas uma galáxia dentre bilhões).
Ciências;9º Ano;EF09CI15;Relacionar diferentes leituras do céu e explicações sobre a origem da Terra, do Sol ou do Sistema Solar às necessidades de distintas culturas (agricultura, caça, mito, orientação espacial e temporal etc.).
Ciências;9º Ano;EF09CI16;Selecionar argumentos sobre a viabilidade da sobrevivência humana fora da Terra, com base nas condições necessárias à vida, nas características dos planetas e nas distâncias e nos tempos envolvidos em viagens interplanetárias e interestelares.
Ciências;9º Ano;EF09CI17;Analisar o ciclo evolutivo do Sol (nascimento, vida e morte) baseado no conhecimento das etapas de evolução de estrelas de diferentes dimensões e os efeitos desse processo no nosso planeta.
Educação Física;;EF67EF01;Experimentar e fruir, na escola e fora dela, jogos eletrônicos diversos, valorizando e respeitando os sentidos e significados atribuídos a eles por diferentes grupos sociais e etários.
Educação Física;;EF67EF02;Identificar as transformações nas características dos jogos eletrônicos em função dos avanços das tecnologias e nas respectivas exigências corporais colocadas por esses diferentes tipos de jogos
Educação Física;;EF67EF03;Experimentar e fruir esportes de marca, precisão, invasão e técnico-combinatórios, valorizando o trabalho coletivo e o protagonismo.
Educação Física;;EF67EF04;Praticar um ou mais esportes de marca, precisão, invasão e técnico-combinatórios oferecidos pela escola, usando habilidades técnico-táticas básicas e respeitando regras.
Educação Física;;EF67EF05;Planejar e utilizar estratégias para solucionar os desafios técnicos e táticos, tanto nos esportes de marca, precisão, invasão e técnico-combinatórios como nas modalidades esportivas escolhidas para praticar de forma específica.
Educação Física;;EF67EF06;Analisar as transformações na organização e na prática dos esportes em suas diferentes manifestações (profissional e comunitário/lazer).
Educação Física;;EF67EF07;Propor e produzir alternativas para experimentação dos esportes não disponíveis e/ou acessíveis na comunidade e das demais práticas corporais tematizadas na escola.
Educação Física;;EF67EF08;Experimentar e fruir exercícios físicos que solicitem diferentes capacidades físicas, identificando seus tipos (força, velocidade, resistência, flexibilidade) e as sensações corporais provocadas pela sua prática.
Educação Física;;EF67EF09;Construir, coletivamente, procedimentos e normas de convívio que viabilizem a participação de todos na prática de exercícios físicos, com o objetivo de promover a saúde.
Educação Física;;EF67EF10;Diferenciar exercício físico de atividade física e propor alternativas para a prática de exercícios físicos dentro e fora do ambiente escolar.
Educação Física;;EF67EF11;Experimentar, fruir e recriar danças urbanas, identificando seus elementos constitutivos (ritmo, espaço, gestos).
Educação Física;;EF67EF12;Planejar e utilizar estratégias para aprender elementos constitutivos das danças urbanas.
Educação Física;;EF67EF13;Diferenciar as danças urbanas das demais manifestações da dança, valorizando e respeitando os sentidos e significados atribuídos a eles por diferentes grupos sociais.
Educação Física;;EF67EF14;Experimentar, fruir e recriar diferentes lutas do Brasil, valorizando a própria segurança e integridade física, bem como as dos demais.
Educação Física;;EF67EF15;Planejar e utilizar estratégias básicas das lutas do Brasil, respeitando o colega como oponente.
Educação Física;;EF67EF16;Identificar as características (códigos, rituais, elementos técnico-táticos, indumentária, materiais, instalações, instituições) das lutas do Brasil.
Educação Física;;EF67EF17;Problematizar preconceitos e estereótipos relacionados ao universo das lutas e demais práticas corporais, propondo alternativas para superá-los, com base na solidariedade, na justiça, na equidade e no respeito.
Educação Física;;EF67EF18;Experimentar e fruir diferentes práticas corporais de aventura urbanas, valorizando a própria segurança e integridade física, bem como as dos demais.
Educação Física;;EF67EF19;Identificar os riscos durante a realização de práticas corporais de aventura urbanas e planejar estratégias para sua superação.
Educação Física;;EF67EF20;Executar práticas corporais de aventura urbanas, respeitando o patrimônio público e utilizando alternativas para a prática segura em diversos espaços.
Educação Física;;EF67EF21;Identificar a origem das práticas corporais de aventura e as possibilidades de recriá-las, reconhecendo as características (instrumentos, equipamentos de segurança, indumentária, organização) e seus tipos de práticas.
Educação Física;;EF89EF01;Experimentar diferentes papéis (jogador, árbitro e técnico) e fruir os esportes de rede/parede, campo e taco, invasão e combate, valorizando o trabalho coletivo e o protagonismo.
Educação Física;;EF89EF02;Praticar um ou mais esportes de rede/parede, campo e taco, invasão e combate oferecidos pela escola, usando habilidades técnico-táticas básicas.
Educação Física;;EF89EF03;Formular e utilizar estratégias para solucionar os desafios técnicos e táticos, tanto nos esportes de campo e taco, rede/parede, invasão e combate como nas modalidades esportivas escolhidas para praticar de forma específica.
Educação Física;;EF89EF04;Identificar os elementos técnicos ou técnico-táticos individuais, combinações táticas, sistemas de jogo e regras das modalidades esportivas praticadas, bem como diferenciar as modalidades esportivas com base nos critérios da lógica interna das categorias de esporte: rede/parede, campo e taco, invasão e combate.
Educação Física;;EF89EF05;Identificar as transformações históricas do fenômeno esportivo e discutir alguns de seus problemas (doping, corrupção, violência etc.) e a forma como as mídias os apresentam.
Educação Física;;EF89EF06;Verificar locais disponíveis na comunidade para a prática de esportes e das demais práticas corporais tematizadas na escola, propondo e produzindo alternativas para utilizá-los no tempo livre.
Educação Física;;EF89EF07;Experimentar e fruir um ou mais programas de exercícios físicos, identificando as exigências corporais desses diferentes programas e reconhecendo a importância de uma prática individualizada, adequada às características e necessidades de cada sujeito.
Educação Física;;EF89EF08;Discutir as transformações históricas dos padrões de desempenho, saúde e beleza, considerando a forma como são apresentados nos diferentes meios (científico, midiático etc.).
Educação Física;;EF89EF09;Problematizar a prática excessiva de exercícios físicos e o uso de medicamentos para a ampliação do rendimento ou potencialização das transformações corporais.
Educação Física;;EF89EF10;Experimentar e fruir um ou mais tipos de ginástica de conscientização corporal, identificando as exigências corporais dos mesmos.
Educação Física;;EF89EF11;Identificar as diferenças e semelhanças entre a ginástica de conscientização corporal e as de condicionamento físico e discutir como a prática de cada uma dessas manifestações pode contribuir para a melhoria das condições de vida, saúde, bem-estar e cuidado consigo mesmo.
Educação Física;;EF89EF12;Experimentar, fruir e recriar danças de salão, valorizando a diversidade cultural e respeitando a tradição dessas culturas.
Educação Física;;EF89EF13;Planejar e utilizar estratégias para se apropriar dos elementos constitutivos (ritmo, espaço, gestos) das danças de salão.
Educação Física;;EF89EF14;Discutir estereótipos e preconceitos relativos às danças de salão e demais práticas corporais e propor alternativas para sua superação.
Educação Física;;EF89EF15;Analisar as características (ritmos, gestos, coreografias e músicas) das danças de salão, bem como suas transformações históricas e os grupos de origem.
Educação Física;;EF89EF16;Experimentar e fruir a execução dos movimentos pertencentes às lutas do mundo, adotando procedimentos de segurança e respeitando o oponente.
Educação Física;;EF89EF17;Planejar e utilizar estratégias básicas das lutas experimentadas, reconhecendo as suas características técnico-táticas.
Educação Física;;EF89EF18;Discutir as transformações históricas, o processo de esportivização e a midiatização de uma ou mais lutas, valorizando e respeitando as culturas de origem.
Educação Física;;EF89EF19;Experimentar e fruir diferentes práticas corporais de aventura na natureza, valorizando a própria segurança e integridade física, bem como as dos demais, respeitando o patrimônio natural e minimizando os impactos de degradação ambiental.
Educação Física;;EF89EF20;Identificar riscos, formular estratégias e observar normas de segurança para superar os desafios na realização de práticas corporais de aventura na natureza.
Educação Física;;EF89EF21;Identificar as características (equipamentos de segurança, instrumentos, indumentária, organização) das práticas corporais de aventura na natureza, bem como suas transformações históricas.
Ensino Religioso;6º Ano;EF06ER01;Reconhecer o papel da tradição escrita na preservação de memórias, acontecimentos e ensinamentos religiosos.
Ensino Religioso;6º Ano;EF06ER02;Reconhecer e valorizar a diversidade de textos religiosos escritos (textos do Budismo, Cristianismo, Espiritismo, Hinduísmo, Islamismo, Judaísmo, entre outros).
Ensino Religioso;6º Ano;EF06ER03;Reconhecer, em textos escritos, ensinamentos relacionados a modos de ser e viver.
Ensino Religioso;6º Ano;EF06ER04;Reconhecer que os textos escritos são utilizados pelas tradições religiosas de maneiras diversas.
Ensino Religioso;6º Ano;EF06ER05;Discutir como o estudo e a interpretação dos textos religiosos influenciam os adeptos a vivenciarem os ensinamentos das tradições religiosas.
Ensino Religioso;6º Ano;EF06ER06;Reconhecer a importância dos mitos, ritos, símbolos e textos na estruturação das diferentes crenças, tradições e movimentos religiosos.
Ensino Religioso;6º Ano;EF06ER07;Exemplificar a relação entre mito, rito e símbolo nas práticas celebrativas de diferentes tradições religiosas.
Ensino Religioso;7º Ano;EF07ER01;Reconhecer e respeitar as práticas de comunicação com as divindades em distintas manifestações e tradições religiosas.
Ensino Religioso;7º Ano;EF07ER02;Identificar práticas de espiritualidade utilizadas pelas pessoas em determinadas situações (acidentes, doenças, fenômenos climáticos).
Ensino Religioso;7º Ano;EF07ER03;Reconhecer os papéis atribuídos às lideranças de diferentes tradições religiosas.
Ensino Religioso;7º Ano;EF07ER04;Exemplificar líderes religiosos que se destacaram por suas contribuições à sociedade.
Ensino Religioso;7º Ano;EF07ER05;Discutir estratégias que promovam a convivência ética e respeitosa entre as religiões.
Ensino Religioso;7º Ano;EF07ER06;Identificar princípios éticos em diferentes tradições religiosas e filosofias de vida, discutindo como podem influenciar condutas pessoais e práticas sociais.
Ensino Religioso;7º Ano;EF07ER07;Identificar e discutir o papel das lideranças religiosas e seculares na defesa e promoção dos direitos humanos.
Ensino Religioso;7º Ano;EF07ER08;Reconhecer o direito à liberdade de consciência, crença ou convicção, questionando concepções e práticas sociais que a violam.
Ensino Religioso;8º Ano;EF08ER01;Discutir como as crenças e convicções podem influenciar escolhas e atitudes pessoais e coletivas.
Ensino Religioso;8º Ano;EF08ER02;Analisar filosofias de vida, manifestações e tradições religiosas destacando seus princípios éticos.
Ensino Religioso;8º Ano;EF08ER03;Analisar doutrinas das diferentes tradições religiosas e suas concepções de mundo, vida e morte.
Ensino Religioso;8º Ano;EF08ER04;Discutir como filosofias de vida, tradições e instituições religiosas podem influenciar diferentes campos da esfera pública (política, saúde, educação, economia).
Ensino Religioso;8º Ano;EF08ER05;Debater sobre as possibilidades e os limites da interferência das tradições religiosas na esfera pública.
Ensino Religioso;8º Ano;EF08ER06;Analisar práticas, projetos e políticas públicas que contribuem para a promoção da liberdade de pensamento, crenças e convicções.
Ensino Religioso;8º Ano;EF08ER07;Analisar as formas de uso das mídias e tecnologias pelas diferentes denominações religiosas.
Ensino Religioso;9º Ano;EF09ER01;Analisar princípios e orientações para o cuidado da vida e nas diversas tradições religiosas e filosofias de vida.
Ensino Religioso;9º Ano;EF09ER02;Discutir as diferentes expressões de valorização e de desrespeito à vida, por meio da análise de matérias nas diferentes mídias.
Ensino Religioso;9º Ano;EF09ER03;Identificar sentidos do viver e do morrer em diferentes tradições religiosas, através do estudo de mitos fundantes.
Ensino Religioso;9º Ano;EF09ER04;Identificar concepções de vida e morte em diferentes tradições religiosas e filosofias de vida, por meio da análise de diferentes ritos fúnebres.
Ensino Religioso;9º Ano;EF09ER05;Analisar as diferentes ideias de imortalidade elaboradas pelas tradições religiosas (ancestralidade, reencarnação, transmigração e ressurreição).
Ensino Religioso;9º Ano;EF09ER06;Reconhecer a coexistência como uma atitude ética de respeito à vida e à dignidade humana.
Ensino Religioso;9º Ano;EF09ER07;Identificar princípios éticos (familiares, religiosos e culturais) que possam alicerçar a construção de projetos de vida.
Ensino Religioso;9º Ano;EF09ER08;Construir projetos de vida assentados em princípios e valores éticos.
Geografia;6º Ano;EF06GE01;Comparar modificações das paisagens nos lugares de vivência e os usos desses lugares em diferentes tempos.
Geografia;6º Ano;EF06GE02;Analisar modificações de paisagens por diferentes tipos de sociedade, com destaque para os povos originários.
Geografia;6º Ano;EF06GE03;Descrever os movimentos do planeta e sua relação com a circulação geral da atmosfera, o tempo atmosférico e os padrões climáticos.
Geografia;6º Ano;EF06GE04;Descrever o ciclo da água, comparando o escoamento superficial no ambiente urbano e rural, reconhecendo os principais componentes da morfologia das bacias e das redes hidrográficas e a sua localização no modelado da superfície terrestre e da cobertura vegetal.
Geografia;6º Ano;EF06GE05;Relacionar padrões climáticos, tipos de solo, relevo e formações vegetais.
Geografia;6º Ano;EF06GE06;Identificar as características das paisagens transformadas pelo trabalho humano a partir do desenvolvimento da agropecuária e do processo de industrialização.
Geografia;6º Ano;EF06GE07;Explicar as mudanças na interação humana com a natureza a partir do surgimento das cidades.
Geografia;6º Ano;EF06GE08;Medir distâncias na superfície pelas escalas gráficas e numéricas dos mapas.
Geografia;6º Ano;EF06GE09;Elaborar modelos tridimensionais, blocos-diagramas e perfis topográficos e de vegetação, visando à representação de elementos e estruturas da superfície terrestre.
Geografia;6º Ano;EF06GE10;Explicar as diferentes formas de uso do solo (rotação de terras, terraceamento, aterros etc.) e de apropriação dos recursos hídricos (sistema de irrigação, tratamento e redes de distribuição), bem como suas vantagens e desvantagens em diferentes épocas e lugares.
Geografia;6º Ano;EF06GE11;Analisar distintas interações das sociedades com a natureza, com base na distribuição dos componentes físico-naturais, incluindo as transformações da biodiversidade local e do mundo.
Geografia;6º Ano;EF06GE12;Identificar o consumo dos recursos hídricos e o uso das principais bacias hidrográficas no Brasil e no mundo, enfatizando as transformações nos ambientes urbanos.
Geografia;6º Ano;EF06GE13;Analisar consequências, vantagens e desvantagens das práticas humanas na dinâmica climática (ilha de calor etc.).
Geografia;7º Ano;EF07GE01;Avaliar, por meio de exemplos extraídos dos meios de comunicação, ideias e estereótipos acerca das paisagens e da formação territorial do Brasil.
Geografia;7º Ano;EF07GE02;Analisar a influência dos fluxos econômicos e populacionais na formação socioeconômica e territorial do Brasil, compreendendo os conflitos e as tensões históricas e contemporâneas.
Geografia;7º Ano;EF07GE03;Selecionar argumentos que reconheçam as territorialidades dos povos indígenas originários, das comunidades remanescentes de quilombos, de povos das florestas e do cerrado, de ribeirinhos e caiçaras, entre outros grupos sociais do campo e da cidade, como direitos legais dessas comunidades.
Geografia;7º Ano;EF07GE04;Analisar a distribuição territorial da população brasileira, considerando a diversidade étnico-cultural (indígena, africana, europeia e asiática), assim como aspectos de renda, sexo e idade nas regiões brasileiras.
Geografia;7º Ano;EF07GE05;Analisar fatos e situações representativas das alterações ocorridas entre o período mercantilista e o advento do capitalismo.
Geografia;7º Ano;EF07GE06;Discutir em que medida a produção, a circulação e o consumo de mercadorias provocam impactos ambientais, assim como influem na distribuição de riquezas, em diferentes lugares.
Geografia;7º Ano;EF07GE07;Analisar a influência e o papel das redes de transporte e comunicação na configuração do território brasileiro.
Geografia;7º Ano;EF07GE08;Estabelecer relações entre os processos de industrialização e inovação tecnológica com as transformações socioeconômicas do território brasileiro.
Geografia;7º Ano;EF07GE09;Interpretar e elaborar mapas temáticos e históricos, inclusive utilizando tecnologias digitais, com informações demográficas e econômicas do Brasil (cartogramas), identificando padrões espaciais, regionalizações e analogias espaciais.
Geografia;7º Ano;EF07GE10;Elaborar e interpretar gráficos de barras, gráficos de setores e histogramas, com base em dados socioeconômicos das regiões brasileiras.
Geografia;7º Ano;EF07GE11;Caracterizar dinâmicas dos componentes físico-naturais no território nacional, bem como sua distribuição e biodiversidade (Florestas Tropicais, Cerrados, Caatingas, Campos Sulinos e Matas de Araucária).
Geografia;7º Ano;EF07GE12;Comparar unidades de conservação existentes no Município de residência e em outras localidades brasileiras, com base na organização do Sistema Nacional de Unidades de Conservação (SNUC).
Geografia;8º Ano;EF08GE01;Descrever as rotas de dispersão da população humana pelo planeta e os principais fluxos migratórios em diferentes períodos da história, discutindo os fatores históricos e condicionantes físico-naturais associados à distribuição da população humana pelos continentes.
Geografia;8º Ano;EF08GE02;Relacionar fatos e situações representativas da história das famílias do Município em que se localiza a escola, considerando a diversidade e os fluxos migratórios da população mundial.
Geografia;8º Ano;EF08GE03;Analisar aspectos representativos da dinâmica demográfica, considerando características da população (perfil etário, crescimento vegetativo e mobilidade espacial).
Geografia;8º Ano;EF08GE04;Compreender os fluxos de migração na América Latina (movimentos voluntários e forçados, assim como fatores e áreas de expulsão e atração) e as principais políticas migratórias da região.
Geografia;8º Ano;EF08GE05;Aplicar os conceitos de Estado, nação, território, governo e país para o entendimento de conflitos e tensões na contemporaneidade, com destaque para as situações geopolíticas na América e na África e suas múltiplas regionalizações a partir do pós-guerra.
Geografia;8º Ano;EF08GE06;Analisar a atuação das organizações mundiais nos processos de integração cultural e econômica nos contextos americano e africano, reconhecendo, em seus lugares de vivência, marcas desses processos.
Geografia;8º Ano;EF08GE07;Analisar os impactos geoeconômicos, geoestratégicos e geopolíticos da ascensão dos Estados Unidos da América no cenário internacional em sua posição de liderança global e na relação com a China e o Brasil.
Geografia;8º Ano;EF08GE08;Analisar a situação do Brasil e de outros países da América Latina e da África, assim como da potência estadunidense na ordem mundial do pós-guerra.
Geografia;8º Ano;EF08GE09;Analisar os padrões econômicos mundiais de produção, distribuição e intercâmbio dos produtos agrícolas e industrializados, tendo como referência os Estados Unidos da América e os países denominados de BRICS (Brasil, Rússia, Índia, China e África do Sul).
Geografia;8º Ano;EF08GE10;Distinguir e analisar conflitos e ações dos movimentos sociais brasileiros, no campo e na cida- de, comparando com outros mo- vimentos sociais existentes nos países latino-americanos.
Geografia;8º Ano;EF08GE11;Analisar áreas de conflito e tensões nas regiões de fronteira do continente latino-americano e o papel de organismos internacionais e regionais de cooperação nesses cenários.
Geografia;8º Ano;EF08GE12;Compreender os objetivos e analisar a importância dos organismos de integração do território americano (Mercosul, OEA, OEI, Nafta, Unasul, Alba, Comunidade Andina, Aladi, entre outros).
Geografia;8º Ano;EF08GE13;Analisar a influência do desenvolvimento científico e tecnológico na caracterização dos tipos de trabalho e na economia dos espaços urbanos e rurais da América e da África.
Geografia;8º Ano;EF08GE14;Analisar os processos de desconcentração, descentralização e recentralização das atividades econômicas a partir do capital estadunidense e chinês em diferentes regiões no mundo, com destaque para o Brasil.
Geografia;8º Ano;EF08GE15;Analisar a importância dos principais recursos hídricos da América Latina (Aquífero Guarani, Bacias do rio da Prata, do Amazonas e do Orinoco, sistemas de nuvens na Amazônia e nos Andes, entre outros) e discutir os desafios relacionados à gestão e comercialização da água.
Geografia;8º Ano;EF08GE16;Analisar as principais problemáticas comuns às grandes cidades latino-americanas, particularmente aquelas relacionadas à distribuição, estrutura e dinâmica da população e às condições de vida e trabalho.
Geografia;8º Ano;EF08GE17;Analisar a segregação socioespacial em ambientes urbanos da América Latina, com atenção especial ao estudo de favelas, alagados e zona de riscos.
Geografia;8º Ano;EF08GE18;Elaborar mapas ou outras formas de representação cartográfica para analisar as redes e as dinâmicas urbanas e rurais, ordenamento territorial, contextos culturais, modo de vida e usos e ocupação de solos da África e América.
Geografia;8º Ano;EF08GE19;Interpretar cartogramas, mapas esquemáticos (croquis) e anamorfoses geográficas com informações geográficas acerca da África e América.
Geografia;8º Ano;EF08GE20;Analisar características de países e grupos de países da América e da África no que se refere aos aspectos populacionais, urbanos, políticos e econômicos, e discutir as desigualdades sociais e econômicas e as pressões sobre a natureza e suas riquezas (sua apropriação e valoração na produção e circulação), o que resulta na espoliação desses povos.
Geografia;8º Ano;EF08GE21;Analisar o papel ambiental e territorial da Antártica no contexto geopolítico, sua relevância para os países da América do Sul e seu valor como área destinada à pesquisa e à compreensão do ambiente global.
Geografia;8º Ano;EF08GE22;Identificar os principais recursos naturais dos países da América Latina, analisando seu uso para a produção de matéria-prima e energia e sua relevância para a cooperação entre os países do Mercosul.
Geografia;8º Ano;EF08GE23;Identificar paisagens da América Latina e associá-las, por meio da cartografia, aos diferentes povos da região, com base em aspectos da geomorfologia, da biogeografia e da climatologia.
Geografia;8º Ano;EF08GE24;"Analisar as principais características produtivas dos países latino-americanos (como exploração mineral na Venezuela; agricultura de alta especialização e exploração mineira no Chile; circuito da carne nos pampas argentinos e no Brasil; circuito da cana-de-açúcar em Cuba; polígono industrial do sudeste brasileiro e plantações de soja no centro-oeste; maquiladoras mexicanas, entre outros)."
Geografia;9º Ano;EF09GE01;Analisar criticamente de que forma a hegemonia europeia foi exercida em várias regiões do planeta, notadamente em situações de conflito, intervenções militares e/ou influência cultural em diferentes tempos e lugares.
Geografia;9º Ano;EF09GE02;Analisar a atuação das corporações internacionais e das organizações econômicas mundiais na vida da população em relação ao consumo, à cultura e à mobilidade.
Geografia;9º Ano;EF09GE03;Identificar diferentes manifestações culturais de minorias étnicas como forma de compreender a multiplicidade cultural na escala mundial, defendendo o princípio do respeito às diferenças.
Geografia;9º Ano;EF09GE04;Relacionar diferenças de paisagens aos modos de viver de diferentes povos na Europa, Ásia e Oceania, valorizando identidades e interculturalidades regionais.
Geografia;9º Ano;EF09GE05;Analisar fatos e situações para compreender a integração mundial (econômica, política e cultural), comparando as diferentes interpretações: globalização e mundialização.
Geografia;9º Ano;EF09GE06;Associar o critério de divisão do mundo em Ocidente e Oriente com o Sistema Colonial implantado pelas potências europeias.
Geografia;9º Ano;EF09GE07;Analisar os componentes físico-naturais da Eurásia e os determinantes histórico-geográficos de sua divisão em Europa e Ásia.
Geografia;9º Ano;EF09GE08;Analisar transformações territoriais, considerando o movimento de fronteiras, tensões, conflitos e múltiplas regionalidades na Europa, na Ásia e na Oceania.
Geografia;9º Ano;EF09GE09;Analisar características de países e grupos de países europeus, asiáticos e da Oceania em seus aspectos populacionais, urbanos, políticos e econômicos, e discutir suas desigualdades sociais e econômicas e pressões sobre seus ambientes físico-naturais.
Geografia;9º Ano;EF09GE10;Analisar os impactos do processo de industrialização na produção e circulação de produtos e culturas na Europa, na Ásia e na Oceania.
Geografia;9º Ano;EF09GE11;Relacionar as mudanças técnicas e científicas decorrentes do processo de industrialização com as transformações no trabalho em diferentes regiões do mundo e suas consequências no Brasil.
Geografia;9º Ano;EF09GE12;Relacionar o processo de urbanização às transformações da produção agropecuária, à expansão do desemprego estrutural e ao papel crescente do capital financeiro em diferentes países, com destaque para o Brasil.
Geografia;9º Ano;EF09GE13;Analisar a importância da produção agropecuária na sociedade urbano-industrial ante o problema da desigualdade mundial de acesso aos recursos alimentares e à matéria-prima.
Geografia;9º Ano;EF09GE14;Elaborar e interpretar gráficos de barras e de setores, mapas temáticos e esquemáticos (croquis) e anamorfoses geográficas para analisar, sintetizar e apresentar dados e informações sobre diversidade, diferenças e desigualdades sociopolíticas e geopolíticas mundiais.
Geografia;9º Ano;EF09GE15;Comparar e classificar diferentes regiões do mundo com base em informações populacionais, econômicas e socioambientais representadas em mapas temáticos e com diferentes projeções cartográficas.
Geografia;9º Ano;EF09GE16;Identificar e comparar diferentes domínios morfoclimáticos da Europa, da Ásia e da Oceania.
Geografia;9º Ano;EF09GE17;Explicar as características físico-naturais e a forma de ocupação e usos da terra em diferentes regiões da Europa, da Ásia e da Oceania.
Geografia;9º Ano;EF09GE18;Identificar e analisar as cadeias industriais e de inovação e as consequências dos usos de recursos naturais e das diferentes fontes de energia (tais como termoelétrica, hidrelétrica, eólica e nuclear) em diferentes países.
História;6º Ano;EF06HI01;Identificar diferentes formas de compreensão da noção de tempo e de periodização dos processos históricos (continuidades e rupturas).
História;6º Ano;EF06HI02;Identificar a gênese da produção do saber histórico e analisar o significado das fontes que originaram determinadas formas de registro em sociedades e épocas distintas.
História;6º Ano;EF06HI03;Identificar as hipóteses científicas sobre o surgimento da espécie humana e sua historicidade e analisar os significados dos mitos de fundação.
História;6º Ano;EF06HI04;Conhecer as teorias sobre a origem do homem americano.
História;6º Ano;EF06HI05;Descrever modificações da natureza e da paisagem realizadas por diferentes tipos de sociedade, com destaque para os povos indígenas originários e povos africanos, e discutir a natureza e a lógica das transformações ocorridas.
História;6º Ano;EF06HI06;Identificar geograficamente as rotas de povoamento no território americano.
História;6º Ano;EF06HI07;Identificar aspectos e formas de registro das sociedades antigas na África, no Oriente Médio e nas Américas, distinguindo alguns significados presentes na cultura material e na tradição oral dessas sociedades.
História;6º Ano;EF06HI08;Identificar os espaços territoriais ocupados e os aportes culturais, científicos, sociais e econômicos dos astecas, maias e incas e dos povos indígenas de diversas regiões brasileiras.
História;6º Ano;EF06HI09;Discutir o conceito de Antiguidade Clássica, seu alcance e limite na tradição ocidental, assim como os impactos sobre outras sociedades e culturas.
História;6º Ano;EF06HI10;Explicar a formação da Grécia Antiga, com ênfase na formação da polis e nas transformações políticas, sociais e culturais.
História;6º Ano;EF06HI11;Caracterizar o processo de formação da Roma Antiga e suas configurações sociais e políticas nos períodos monárquico e republicano.
História;6º Ano;EF06HI12;Associar o conceito de cidadania a dinâmicas de inclusão e exclusão na Grécia e Roma antigas.
História;6º Ano;EF06HI13;Conceituar “império” no mundo antigo, com vistas à análise das diferentes formas de equilíbrio e desequilíbrio entre as partes envolvidas.
História;6º Ano;EF06HI14;Identificar e analisar diferentes formas de contato, adaptação ou exclusão entre populações em diferentes tempos e espaços.
História;6º Ano;EF06HI15;Descrever as dinâmicas de circulação de pessoas, produtos e culturas no Mediterrâneo e seu significado.
História;6º Ano;EF06HI16;Caracterizar e comparar as dinâmicas de abastecimento e as formas de organização do trabalho e da vida social em diferentes sociedades e períodos, com destaque para as relações entre senho- res e servos.
História;6º Ano;EF06HI17;Diferenciar escravidão, servidão e trabalho livre no mundo antigo.
História;6º Ano;EF06HI18;Analisar o papel da religião cristã na cultura e nos modos de organização social no período medieval.
História;6º Ano;EF06HI19;Descrever e analisar os diferentes papéis sociais das mulheres no mundo antigo e nas sociedades medievais.
História;7º Ano;EF07HI01;Explicar o significado de “modernidade” e suas lógicas de inclusão e exclusão, na concepção europeia.
História;7º Ano;EF07HI02;Identificar conexões e interações entre as sociedades do Novo Mundo, da Europa, da África e da Ásia no contexto das navegações e indicar a complexidade e as interações que ocorrem nos Oceanos Atlântico, Índico e Pacífico.
História;7º Ano;EF07HI03;Identificar aspectos e processos específicos das sociedades africanas e americanas antes da chegada dos europeus, com destaque para as formas de organização social e o desenvolvimento de saberes e técnicas.
História;7º Ano;EF07HI04;Identificar as principais características dos Humanismos e dos Renascimentos e analisar seus significados.
História;7º Ano;EF07HI05;Identificar e relacionar as vinculações entre as reformas religiosas e os processos culturais e sociais do período moderno na Europa e na América.
História;7º Ano;EF07HI06;Comparar as navegações no Atlântico e no Pacífico entre os séculos XIV e XVI.
História;7º Ano;EF07HI07;Descrever os processos de formação e consolidação das monarquias e suas principais características com vistas à compreensão das razões da centralização política.
História;7º Ano;EF07HI08;Descrever as formas de organização das sociedades americanas no tempo da conquista com vistas à compreensão dos mecanismos de alianças, confrontos e resistências.
História;7º Ano;EF07HI09;Analisar os diferentes impactos da conquista europeia da América para as populações ameríndias e identificar as formas de resistência.
História;7º Ano;EF07HI10;Analisar, com base em documentos históricos, diferentes interpretações sobre as dinâmicas das sociedades americanas no período colonial.
História;7º Ano;EF07HI11;Analisar a formação histórico-geográfica do território da América portuguesa por meio de mapas históricos.
História;7º Ano;EF07HI12;Identificar a distribuição territorial da população brasileira em diferentes épocas, considerando a diversidade étnico-racial e étnico-cultural (indígena, africana, europeia e asiática).
História;7º Ano;EF07HI13;Caracterizar a ação dos europeus e suas lógicas mercantis visando ao domínio no mundo atlântico.
História;7º Ano;EF07HI14;Descrever as dinâmicas comerciais das sociedades americanas e africanas e analisar suas interações com outras sociedades do Ocidente e do Oriente.
História;7º Ano;EF07HI15;Discutir o conceito de escravidão moderna e suas distinções em relação ao escravismo antigo e à servidão medieval.
História;7º Ano;EF07HI16;Analisar os mecanismos e as dinâmicas de comércio de escravizados em suas diferentes fases, identificando os agentes responsáveis pelo tráfico e as regiões e zonas africanas de procedência dos escravizados.
História;7º Ano;EF07HI17;Discutir a passagem do mercantilismo para o capitalismo.
História;8º Ano;EF08HI01;Identificar os principais aspectos conceituais do iluminismo e do liberalismo e discutir a relação entre eles e a organização do mundo contemporâneo.
História;8º Ano;EF08HI02;Identificar as particularidades político-sociais da Inglaterra do século XVII e analisar os desdobramentos posteriores à Revolução Gloriosa.
História;8º Ano;EF08HI03;Analisar os impactos da Revolução Industrial na produção e circulação dos povos, produtos e culturas.
História;8º Ano;EF08HI04;Identificar e relacionar os processos da Revolução Francesa e seus desdobramentos na Europa e no mundo.
História;8º Ano;EF08HI05;Explicar os movimentos e as rebeliões da América portuguesa, articulando as temáticas locais e suas interfaces com processos ocorridos na Europa e nas Américas.
História;8º Ano;EF08HI06;Aplicar os conceitos de Estado, nação, território, governo e país para o entendimento de conflitos e tensões.
História;8º Ano;EF08HI07;Identificar e contextualizar as especificidades dos diversos processos de independência nas Américas, seus aspectos populacionais e suas conformações territoriais.
História;8º Ano;EF08HI08;Conhecer o ideário dos líderes dos movimentos independentistas e seu papel nas revoluções que levaram à independência das colônias hispano-americanas.
História;8º Ano;EF08HI09;Conhecer as características e os principais pensadores do Pan-americanismo.
História;8º Ano;EF08HI10;Identificar a Revolução de São Domingo como evento singular e desdobramento da Revolução Francesa e avaliar suas implicações.
História;8º Ano;EF08HI11;Identificar e explicar os protagonismos e a atuação de diferentes grupos sociais e étnicos nas lutas de independência no Brasil, na América espanhola e no Haiti.
História;8º Ano;EF08HI12;Caracterizar a organização política e social no Brasil desde a chegada da Corte portuguesa, em 1808, até 1822 e seus desdobramentos para a história política brasileira.
História;8º Ano;EF08HI13;Analisar o processo de independência em diferentes países latino-americanos e comparar as formas de governo neles adotadas.
História;8º Ano;EF08HI14;Discutir a noção da tutela dos grupos indígenas e a participação dos negros na sociedade brasileira do final do período colonial, identificando permanências na forma de preconceitos, estereótipos e violências sobre essas populações no Brasil e nas Américas.
História;8º Ano;EF08HI15;Identificar e analisar o equilíbrio das forças e os sujeitos envolvidos nas disputas políticas durante o Primeiro e o Segundo Reinado.
História;8º Ano;EF08HI16;Identificar, comparar e analisar a diversidade política, social e regional nas rebeliões e nos movimentos contestatórios ao poder centralizado.
História;8º Ano;EF08HI17;Relacionar as transformações territoriais, em razão de questões de fronteiras, com as tensões e conflitos durante o Império.
História;8º Ano;EF08HI18;Identificar as questões internas e externas sobre a atuação do Brasil na Guerra do Paraguai e discutir diferentes versões sobre o conflito.
História;8º Ano;EF08HI19;Formular questionamentos sobre o legado da escravidão nas Américas, com base na seleção e consulta de fontes de diferentes naturezas.
História;8º Ano;EF08HI20;Identificar e relacionar aspectos das estruturas sociais da atualidade com os legados da escravidão no Brasil e discutir a importância de ações afirmativas.
História;8º Ano;EF08HI21;Identificar e analisar as políticas oficiais com relação ao indígena durante o Império.
História;8º Ano;EF08HI22;Discutir o papel das culturas letradas, não letradas e das artes na produção das identidades no Brasil do século XIX.
História;8º Ano;EF08HI23;Estabelecer relações causais entre as ideologias raciais e o determinismo no contexto do imperialismo europeu e seus impactos na África e na Ásia.
História;8º Ano;EF08HI24;Reconhecer os principais produtos, utilizados pelos europeus, procedentes do continente africano durante o imperialismo e analisar os impactos sobre as comunidades locais na forma de organização e exploração econômica.
História;8º Ano;EF08HI25;Caracterizar e contextualizar aspectos das relações entre os Estados Unidos da América e a América Latina no século XIX.
História;8º Ano;EF08HI26;Identificar e contextualizar o protagonismo das populações locais na resistência ao imperialismo na África e Ásia.
História;8º Ano;EF08HI27;Identificar as tensões e os significados dos discursos civilizatórios, avaliando seus impactos negativos para os povos indígenas originários e as populações negras nas Américas.
História;9º Ano;EF09HI01;Descrever e contextualizar os principais aspectos sociais, culturais, econômicos e políticos da emergência da República no Brasil.
História;9º Ano;EF09HI02;Caracterizar e compreender os ciclos da história republicana, identificando particularidades da história local e regional até 1954.
História;9º Ano;EF09HI03;Identificar os mecanismos de inserção dos negros na sociedade brasileira pós-abolição e avaliar os seus resulta- dos.
História;9º Ano;EF09HI04;Discutir a importância da participação da população negra na formação econômica, política e social do Brasil.
História;9º Ano;EF09HI05;Identificar os processos de urbanização e modernização da sociedade brasileira e avaliar suas contradições e seus impactos na região em que vive.
História;9º Ano;EF09HI06;Identificar e discutir o papel do trabalhismo como força política, social e cultural no Brasil, em diferentes escalas (nacional, regional, cidade, comunidade).
História;9º Ano;EF09HI07;Identificar e explicar, em meio a lógicas de inclusão e exclusão, as pautas dos povos indígenas, no contexto republicano (até 1964), e das populações afrodescendentes.
História;9º Ano;EF09HI08;Identificar as transformações ocorridas no debate sobre as questões da diversidade no Brasil durante o século XX e compreender o significado das mudanças de abordagem em relação ao tema.
História;9º Ano;EF09HI09;Relacionar as conquistas de direitos políticos, sociais e civis à atuação de movimentos sociais.
História;9º Ano;EF09HI10;Identificar e relacionar as dinâmicas do capitalismo e suas crises, os grandes conflitos mundiais e os conflitos vivenciados na Europa.
História;9º Ano;EF09HI11;Identificar as especificidades e os desdobramentos mundiais da Revolução Russa e seu significado histórico.
História;9º Ano;EF09HI12;Analisar a crise capitalista de 1929 e seus desdobramentos em relação à economia global.
História;9º Ano;EF09HI13;Descrever e contextualizar os processos da emergência do fascismo e do nazismo, a consolidação dos estados totalitários e as práticas de extermínio (como o holocausto).
História;9º Ano;EF09HI14;Caracterizar e discutir as dinâmicas do colonialismo no continente africano e asiático e as lógicas de resistência das populações locais diante das questões internacionais.
História;9º Ano;EF09HI15;Discutir as motivações que levaram à criação da Organização das Nações Unidas (ONU) no contexto do pós-guerra e os propósitos dessa organização.
História;9º Ano;EF09HI16;Relacionar a Carta dos Direitos Humanos ao processo de afirmação dos direitos fundamentais e de defesa da dignidade humana, valorizando as instituições voltadas para a defesa desses direitos e para a identificação dos agentes responsáveis por sua violação.
História;9º Ano;EF09HI17;Identificar e analisar processos sociais, econômicos, culturais e políticos do Brasil a partir de 1946.
História;9º Ano;EF09HI18;Descrever e analisar as relações entre as transformações urbanas e seus impactos na cultura brasileira entre 1946 e 1964 e na produção das desigualdades regionais e sociais.
História;9º Ano;EF09HI19;Identificar e compreender o processo que resultou na ditadura civil-militar no Brasil e discutir a emergência de questões relacionadas à memória e à justiça sobre os casos de violação dos direitos humanos.
História;9º Ano;EF09HI20;Discutir os processos de resistência e as propostas de reorganização da sociedade brasileira durante a ditadura civil-militar.
História;9º Ano;EF09HI21;Identificar e relacionar as demandas indígenas e quilombolas como forma de contestação ao modelo desenvolvimentista da ditadura.
História;9º Ano;EF09HI22;Discutir o papel da mobilização da sociedade brasileira do final do período ditatorial até a Constituição de 1988.
História;9º Ano;EF09HI23;Identificar direitos civis, políticos e sociais expressos na Constituição de 1988 e relacioná-los à noção de cidadania e ao pacto da sociedade brasileira de combate a diversas formas de preconceito, como o racismo.
História;9º Ano;EF09HI24;Analisar as transformações políticas, econômicas, sociais e culturais de 1989 aos dias atuais, identificando questões prioritárias para a promoção da cidadania e dos valores democráticos.
História;9º Ano;EF09HI25;Relacionar as transformações da sociedade brasileira aos protagonismos da sociedade civil após 1989.
História;9º Ano;EF09HI26;Discutir e analisar as causas da violência contra populações marginalizadas (negros, indígenas, mulheres, homossexuais, camponeses, pobres etc.) com vistas à tomada de consciência e à construção de uma cultura de paz, empatia e respeito às pessoas.
História;9º Ano;EF09HI27;Relacionar aspectos das mudanças econômicas, culturais e sociais ocorridas no Brasil a partir da década de 1990 ao papel do País no cenário internacional na era da globalização.
História;9º Ano;EF09HI28;Identificar e analisar aspectos da Guerra Fria, seus principais conflitos e as tensões geopolíticas no interior dos blocos liderados por soviéticos e estadunidenses.
História;9º Ano;EF09HI29;Descrever e analisar as experiências ditatoriais na América Latina, seus procedimentos e vínculos com o poder, em nível nacional e internacional, e a atuação de movimentos de contestação às ditaduras.
História;9º Ano;EF09HI30;Comparar as características dos regimes ditatoriais latino-americanos, com especial atenção para a censura política, a opressão e o uso da força, bem como para as reformas econômicas e sociais e seus impactos.
História;9º Ano;EF09HI31;Descrever e avaliar os processos de descolonização na África e na Ásia.
História;9º Ano;EF09HI32;Analisar mudanças e permanências associadas ao processo de globalização, considerando os argumentos dos movimentos críticos às políticas globais.
História;9º Ano;EF09HI33;Analisar as transformações nas relações políticas locais e globais geradas pelo desenvolvimento das tecnologias digitais de informação e comunicação.
História;9º Ano;EF09HI34;Discutir as motivações da adoção de diferentes políticas econômicas na América Latina, assim como seus impactos sociais nos países da região.
História;9º Ano;EF09HI35;Analisar os aspectos relacionados ao fenômeno do terrorismo na contemporaneidade, incluindo os movimentos migratórios e os choques entre diferentes grupos e culturas.
História;9º Ano;EF09HI36;Identificar e discutir as diversidades identitárias e seus significados históricos no início do século XXI, combatendo qualquer forma de preconceito e violência.
Inglês;6º Ano;EF06LI01;Interagir em situações de intercâmbio oral, demonstrando iniciativa para utilizar a língua inglesa.
Inglês;6º Ano;EF06LI02;Coletar informações do grupo, perguntando e respondendo sobre a família, os amigos, a escola e a comunidade.
Inglês;6º Ano;EF06LI03;Solicitar esclarecimentos em língua inglesa sobre o que não entendeu e o significado de palavras ou expressões desconhecidas.
Inglês;6º Ano;EF06LI04;Reconhecer, com o apoio de palavras cognatas e pistas do contexto discursivo, o assunto e as informações principais em textos orais sobre temas familiares.
Inglês;6º Ano;EF06LI05;Aplicar os conhecimentos da língua inglesa para falar de si e de outras pessoas, explicitando informações pessoais e características relacionadas a gostos, preferências e rotinas.
Inglês;6º Ano;EF06LI06;Planejar apresentação sobre a família, a comunidade e a escola, compartilhando-a oralmente com o grupo.
Inglês;6º Ano;EF06LI07;Formular hipóteses sobre a finalidade de um texto em língua inglesa, com base em sua estrutura, organização textual e pistas gráficas.
Inglês;6º Ano;EF06LI08;Identificar o assunto de um texto, reconhecendo sua organização textual e palavras cognatas.
Inglês;6º Ano;EF06LI09;Localizar informações específicas em texto.
Inglês;6º Ano;EF06LI10;Conhecer a organização de um dicionário bilíngue (impresso e/ou on-line) para construir repertório lexical.
Inglês;6º Ano;EF06LI11;Explorar ambientes virtuais e/ou aplicativos para construir repertório lexical na língua inglesa.
Inglês;6º Ano;EF06LI12;Interessar-se pelo texto lido, compartilhando suas ideias sobre o que o texto informa/comunica.
Inglês;6º Ano;EF06LI13;Listar ideias para a produção de textos, levando em conta o tema e o assunto.
Inglês;6º Ano;EF06LI14;Organizar ideias, selecionando-as em função da estrutura e do objetivo do texto.
Inglês;6º Ano;EF06LI15;Produzir textos escritos em língua inglesa (histórias em quadrinhos, cartazes, chats, blogues, agendas, fotolegendas, entre outros), sobre si mesmo, sua família, seus amigos, gostos, preferências e rotinas, sua comunidade e seu contexto escolar.
Inglês;6º Ano;EF06LI16;Construir repertório relativo às expressões usadas para o convívio social e o uso da língua inglesa em sala de aula.
Inglês;6º Ano;EF06LI17;Construir repertório lexical relativo a temas familiares (escola, família, rotina diária, atividades de lazer, esportes, entre outros).
Inglês;6º Ano;EF06LI18;Reconhecer semelhanças e diferenças na pronúncia de palavras da língua inglesa e da língua materna e/ou outras línguas conhecidas.
Inglês;6º Ano;EF06LI19;Utilizar o presente do indicativo para identificar pessoas (verbo to be) e descrever rotinas diárias.
Inglês;6º Ano;EF06LI20;Utilizar o presente contínuo para descrever ações em progresso.
Inglês;6º Ano;EF06LI21;Reconhecer o uso do imperativo em enunciados de atividades, comandos e instruções.
Inglês;6º Ano;EF06LI22;Descrever relações por meio do uso de apóstrofo (’) + s.
Inglês;6º Ano;EF06LI23;Empregar, de forma inteligível, os adjetivos possessivos.
Inglês;6º Ano;EF06LI24;Investigar o alcance da língua inglesa no mundo: como língua materna e/ou oficial (primeira ou segunda língua).
Inglês;6º Ano;EF06LI25;Identificar a presença da língua inglesa na sociedade brasileira/comunidade (palavras, expressões, suportes e esferas de circulação e consumo) e seu significado.
Inglês;6º Ano;EF06LI26;Avaliar, problematizando elementos/produtos culturais de países de língua inglesa absorvidos pela sociedade brasileira/comunidade.
Inglês;7º Ano;EF07LI01;Interagir em situações de intercâmbio oral para realizar as atividades em sala de aula, de forma respeitosa e colaborativa, trocando ideias e engajando-se em brincadeiras e jogos.
Inglês;7º Ano;EF07LI02;Entrevistar os colegas para conhecer suas histórias de vida.
Inglês;7º Ano;EF07LI03;Mobilizar conhecimentos prévios para compreender texto oral.
Inglês;7º Ano;EF07LI04;Identificar o contexto, a finalidade, o assunto e os interlocutores em textos orais presentes no cinema, na internet, na televisão, entre outros.
Inglês;7º Ano;EF07LI05;Compor, em língua inglesa, narrativas orais sobre fatos, acontecimentos e personalidades marcantes do passado.
Inglês;7º Ano;EF07LI06;Antecipar o sentido global de textos em língua inglesa por inferências, com base em leitura rápida, observando títulos, primeiras e últimas frases de parágrafos e palavras-chave repetidas.
Inglês;7º Ano;EF07LI07;Identificar a(s) informação(ões)-chave de partes de um texto em língua inglesa (parágrafos).
Inglês;7º Ano;EF07LI08;Relacionar as partes de um texto (parágrafos) para construir seu sentido global.
Inglês;7º Ano;EF07LI09;Selecionar, em um texto, a informação desejada como objetivo de leitura.
Inglês;7º Ano;EF07LI10;Escolher, em ambientes virtuais, textos em língua inglesa, de fontes confiáveis, para estudos/pesquisas escolares.
Inglês;7º Ano;EF07LI11;Participar de troca de opiniões e informações sobre textos, lidos na sala de aula ou em outros ambientes.
Inglês;7º Ano;EF07LI12;Planejar a escrita de textos em função do contexto (público, finalidade, layout e suporte).
Inglês;7º Ano;EF07LI13;Organizar texto em unidades de sentido, dividindo-o em parágrafos ou tópicos e subtópicos, explorando as possibilidades de organização gráfica, de suporte e de formato do texto.
Inglês;7º Ano;EF07LI14;Produzir textos diversos sobre fatos, acontecimentos e personalidades do passado (linha do tempo/timelines, biografias, verbetes de enciclopédias, blogues, entre outros).
Inglês;7º Ano;EF07LI15;Construir repertório lexical relativo a verbos regulares e irregulares (formas no passado), preposições de tempo (in, on, at) e conectores (and, but, because, then, so, before, after, entre outros).
Inglês;7º Ano;EF07LI16;Reconhecer a pronúncia de verbos regulares no passado (-ed).
Inglês;7º Ano;EF07LI17;Explorar o caráter polissêmico de palavras de acordo com o contexto de uso.
Inglês;7º Ano;EF07LI18;Utilizar o passado simples e o passado contínuo para produzir textos orais e escritos, mostrando relações de sequência e causalidade.
Inglês;7º Ano;EF07LI19;Discriminar sujeito de objeto utilizando pronomes a eles relacionados.
Inglês;7º Ano;EF07LI20;Empregar, de forma inteligível, o verbo modal can para descrever habilidades (no presente e no passado).
Inglês;7º Ano;EF07LI21;Analisar o alcance da língua inglesa e os seus contextos de uso no mundo globalizado.
Inglês;7º Ano;EF07LI22;Explorar modos de falar em língua inglesa, refutando preconceitos e reconhecendo a variação linguística como fenômeno natural das línguas.
Inglês;7º Ano;EF07LI23;Reconhecer a variação linguística como manifestação de formas de pensar e expressar o mundo.
Inglês;8º Ano;EF08LI01;Fazer uso da língua inglesa para resolver mal-entendidos, emitir opiniões e esclarecer informações por meio de paráfrases ou justificativas.
Inglês;8º Ano;EF08LI02;Explorar o uso de recursos linguísticos (frases incompletas, hesitações, entre outros) e paralinguísticos (gestos, expressões faciais, entre outros) em situações de interação oral.
Inglês;8º Ano;EF08LI03;Construir o sentido global de textos orais, relacionando suas partes, o assunto principal e informações relevantes.
Inglês;8º Ano;EF08LI04;Utilizar recursos e repertório linguísticos apropriados para informar/comunicar/falar do futuro: planos, previsões, possibilidades e probabilidades.
Inglês;8º Ano;EF08LI05;Inferir informações e relações que não aparecem de modo explícito no texto para construção de sentidos.
Inglês;8º Ano;EF08LI06;Apreciar textos narrativos em língua inglesa (contos, romances, entre outros, em versão original ou simplificada), como forma de valorizar o patrimônio cultural produzido em língua inglesa.
Inglês;8º Ano;EF08LI07;Explorar ambientes virtuais e/ou aplicativos para acessar e usufruir do patrimônio artístico literário em língua inglesa.
Inglês;8º Ano;EF08LI08;Analisar, criticamente, o conteúdo de textos, comparando diferentes perspectivas apresentadas sobre um mesmo assunto.
Inglês;8º Ano;EF08LI09;Avaliar a própria produção escrita e a de colegas, com base no contexto de comunicação (finalidade e adequação ao público, conteúdo a ser comunicado, organização textual, legibilidade, estrutura de frases).
Inglês;8º Ano;EF08LI10;Reconstruir o texto, com cortes, acréscimos, reformulações e correções, para aprimoramento, edição e publicação final.
Inglês;8º Ano;EF08LI11;Produzir textos (comentários em fóruns, relatos pessoais, mensagens instantâneas, tweets, reportagens, histórias de ficção, blogues, entre outros), com o uso de estratégias de escrita (planejamento, produção de rascunho, revisão e edição final), apontando sonhos e projetos para o futuro (pessoal, da família, da comunidade ou do planeta).
Inglês;8º Ano;EF08LI12;Construir repertório lexical relativo a planos, previsões e expectativas para o futuro.
Inglês;8º Ano;EF08LI13;Reconhecer sufixos e prefixos comuns utilizados na formação de palavras em língua inglesa.
Inglês;8º Ano;EF08LI14;Utilizar formas verbais do futuro para descrever planos e expectativas e fazer previsões.
Inglês;8º Ano;EF08LI15;Utilizar, de modo inteligível, as formas comparativas e superlativas de adjetivos para comparar qualidades e quantidades.
Inglês;8º Ano;EF08LI16;Utilizar, de modo inteligível, corretamente, some, any, many, much.
Inglês;8º Ano;EF08LI17;Empregar, de modo inteligível, os pronomes relativos (who, which, that, whose) para construir períodos compostos por subordinação.
Inglês;8º Ano;EF08LI18;Construir repertório cultural por meio do contato com manifestações artístico-culturais vinculadas à língua inglesa (artes plásticas e visuais, literatura, música, cinema, dança, festividades, entre outros), valorizando a diversidade entre culturas.
Inglês;8º Ano;EF08LI19;Investigar de que forma expressões, gestos e comportamentos são interpretados em função de aspectos culturais.
Inglês;8º Ano;EF08LI20;Examinar fatores que podem impedir o entendimento entre pessoas de culturas diferentes que falam a língua inglesa.
Inglês;9º Ano;EF09LI01;Fazer uso da língua inglesa para expor pontos de vista, argumentos e contra-argumentos, considerando o contexto e os recursos linguísticos voltados para a eficácia da comunicação.
Inglês;9º Ano;EF09LI02;Compilar as ideias-chave de textos por meio de tomada de notas.
Inglês;9º Ano;EF09LI03;Analisar posicionamentos defendidos e refutados em textos orais sobre temas de interesse social e coletivo.
Inglês;9º Ano;EF09LI04;Expor resultados de pesquisa ou estudo com o apoio de recursos, tais como notas, gráficos, tabelas, entre outros, adequando as estratégias de construção do texto oral aos objetivos de comunicação e ao contexto.
Inglês;9º Ano;EF09LI05;Identificar recursos de persuasão (escolha e jogo de palavras, uso de cores e imagens, tamanho de letras), utilizados nos textos publicitários e de propaganda, como elementos de convencimento.
Inglês;9º Ano;EF09LI06;Distinguir fatos de opiniões em textos argumentativos da esfera jornalística.
Inglês;9º Ano;EF09LI07;Identificar argumentos principais e as evidências/exemplos que os sustentam.
Inglês;9º Ano;EF09LI08;Explorar ambientes virtuais de informação e socialização, analisando a qualidade e a validade das informações veiculadas.
Inglês;9º Ano;EF09LI09;Compartilhar, com os colegas, a leitura dos textos escritos pelo grupo, valorizando os diferentes pontos de vista defendidos, com ética e respeito.
Inglês;9º Ano;EF09LI10;Propor potenciais argumentos para expor e defender ponto de vista em texto escrito, refletindo sobre o tema proposto e pesquisando dados, evidências e exemplos para sustentar os argumentos, organizando-os em sequência lógica.
Inglês;9º Ano;EF09LI11;Utilizar recursos verbais e não verbais para construção da persuasão em textos da esfera publicitária, de forma adequada ao contexto de circulação (produção e compreensão).
Inglês;9º Ano;EF09LI12;Produzir textos (infográficos, fóruns de discussão on-line, fotorreportagens, campanhas publicitárias, memes, entre outros) sobre temas de interesse coletivo local ou global, que revelem posicionamento crítico.
Inglês;9º Ano;EF09LI13;Reconhecer, nos novos gêneros digitais (blogues, mensagens instantâneas, tweets, entre outros), novas formas de escrita (abreviação de palavras, palavras com combinação de letras e números, pictogramas, símbolos gráficos, entre outros) na constituição das mensagens.
Inglês;9º Ano;EF09LI14;Utilizar conectores indicadores de adição, condição, oposição, contraste, conclusão e síntese como auxiliares na construção da argumentação e intencionalidade discursiva.
Inglês;9º Ano;EF09LI15;Empregar, de modo inteligível, as formas verbais em orações condicionais dos tipos 1 e 2 (If-clauses).
Inglês;9º Ano;EF09LI16;Empregar, de modo inteligível, os verbos should, must, have to, may e might para indicar recomendação, necessidade ou obrigação e probabilidade.
Inglês;9º Ano;EF09LI17;Debater sobre a expansão da língua inglesa pelo mundo, em função do processo de colonização nas Américas, África, Ásia e Oceania.
Inglês;9º Ano;EF09LI18;Analisar a importância da língua inglesa para o desenvolvimento das ciências (produção, divulgação e discussão de novos conhecimentos), da economia e da política no cenário mundial.
Inglês;9º Ano;EF09LI19;Discutir a comunicação intercultural por meio da língua inglesa como mecanismo de valorização pessoal e de construção de identidades no mundo globalizado.
Língua Portuguesa;;EF67LP01;Analisar a estrutura e funcionamento dos hiperlinks em textos noticiosos publicados na Web e vislumbrar possibilidades de uma escrita hipertextual.
Língua Portuguesa;;EF67LP02;Explorar o espaço reservado ao leitor nos jornais, revistas, impressos e on-line, sites noticiosos etc., destacando notícias, fotorreportagens, entrevistas, charges, assuntos, temas, debates em foco, posicionando-se de maneira ética e respeitosa frente a esses textos e opiniões a eles relacionadas, e publicar notícias, notas jornalísticas, fotorreportagem de interesse geral nesses espaços do leitor.
Língua Portuguesa;;EF67LP03;Comparar informações sobre um mesmo fato divulgadas em diferentes veículos e mídias, analisando e avaliando a confiabilidade.
Língua Portuguesa;;EF67LP04;Distinguir, em segmentos descontínuos de textos, fato da opinião enunciada em relação a esse mesmo fato.
Língua Portuguesa;;EF67LP05;Identificar e avaliar teses/opiniões/posicionamentos explícitos e argumentos em textos argumentativos (carta de leitor, comentário, artigo de opinião, resenha crítica etc.), manifestando concordância ou discordância.
Língua Portuguesa;;EF67LP06;Identificar os efeitos de sentido provocados pela seleção lexical, topicalização de elementos e seleção e hierarquização de informações, uso de 3ª pessoa etc.
Língua Portuguesa;;EF67LP07;Identificar o uso de recursos persuasivos em textos argumentativos diversos (como a elaboração do título, escolhas lexicais, construções metafóricas, a explicitação ou a ocultação de fontes de informação) e perceber seus efeitos de sentido.
Língua Portuguesa;;EF67LP08;Identificar os efeitos de sentido devidos à escolha de imagens estáticas, sequenciação ou sobreposição de imagens, definição de figura/fundo, ângulo, profundidade e foco, cores/tonalidades, relação com o escrito (relações de reiteração, complementação ou oposição) etc. em notícias, reportagens, fotorreportagens, foto-denúncias, memes, gifs, anúncios publicitários e propagandas publicados em jornais, revistas, sites na internet etc.
Língua Portuguesa;;EF67LP09;Planejar notícia impressa e para circulação em outras mídias (rádio ou TV/vídeo), tendo em vista as condições de produção, do texto – objetivo, leitores/espectadores, veículos e mídia de circulação etc. –, a partir da escolha do fato a ser noticiado (de relevância para a turma, escola ou comunidade), do levantamento de dados e informações sobre o fato – que pode envolver entrevistas com envolvidos ou com especialistas, consultas a fontes, análise de documentos, cobertura de eventos etc.–, do registro dessas informações e dados, da escolha de fotos ou imagens a produzir ou a utilizar etc. e a previsão de uma estrutura hipertextual (no caso de publicação em sites ou blogs noticiosos).
Língua Portuguesa;;EF67LP10;Produzir notícia impressa tendo em vista características do gênero – título ou manchete com verbo no tempo presente, linha fina (opcional), lide, progressão dada pela ordem decrescente de importância dos fatos, uso de 3ª pessoa, de palavras que indicam precisão –, e o estabelecimento adequado de coesão e produzir notícia para TV, rádio e internet, tendo em vista, além das características do gênero, os recursos de mídias disponíveis e o manejo de recursos de captação e edição de áudio e imagem.
Língua Portuguesa;;EF67LP11;Planejar resenhas, vlogs, vídeos e podcasts variados, e textos e vídeos de apresentação e apreciação próprios das culturas juvenis (algumas possibilidades: fanzines, fanclipes, e-zines, gameplay, detonado etc.), dentre outros, tendo em vista as condições de produção do texto – objetivo, leitores/espectadores, veículos e mídia de circulação etc. –, a partir da escolha de uma produção ou evento cultural para analisar – livro, filme, série, game, canção, videoclipe, fanclipe, show, saraus, slams etc. – da busca de informação sobre a produção ou evento escolhido, da síntese de informações sobre a obra/evento e do elenco/seleção de aspectos, elementos ou recursos que possam ser destacados positiva ou negativamente ou da roteirização do passo a passo do game para posterior gravação dos vídeos.
Língua Portuguesa;;EF67LP12;Produzir resenhas críticas, vlogs, vídeos, podcasts variados e produções e gêneros próprios das culturas juvenis (algumas possibilidades: fanzines, fanclipes, e-zines, gameplay, detonado etc.), que apresentem/descrevam e/ou avaliem produções culturais (livro, filme, série, game, canção, disco, videoclipe etc.) ou evento (show, sarau, slam etc.), tendo em vista o contexto de produção dado, as características do gênero, os recursos das mídias envolvidas e a textualização adequada dos textos e/ou produções.
Língua Portuguesa;;EF67LP13;Produzir, revisar e editar textos publicitários, levando em conta o contexto de produção dado, explorando recursos multissemióticos, relacionando elementos verbais e visuais, utilizando adequadamente estratégias discursivas de persuasão e/ou convencimento e criando título ou slogan que façam o leitor motivar-se a interagir com o texto produzido e se sinta atraído pelo serviço, ideia ou produto em questão.
Língua Portuguesa;;EF67LP14;Definir o contexto de produção da entrevista (objetivos, o que se pretende conseguir, porque aquele entrevistado etc.), levantar informações sobre o entrevistado e sobre o acontecimento ou tema em questão, preparar o roteiro de perguntar e realizar entrevista oral com envolvidos ou especialistas relacionados com o fato noticiado ou com o tema em pauta, usando roteiro previamente elaborado e formulando outras perguntas a partir das respostas dadas e, quando for o caso, selecionar partes, transcrever e proceder a uma edição escrita do texto, adequando-o a seu contexto de publicação, à construção composicional do gênero e garantindo a relevância das informações mantidas e a continuidade temática.
Língua Portuguesa;;EF67LP15;Identificar a proibição imposta ou o direito garantido, bem como as circunstâncias de sua aplicação, em artigos relativos a normas, regimentos escolares, regimentos e estatutos da sociedade civil, regulamentações para o mercado publicitário, Código de Defesa do Consumidor, Código Nacional de Trânsito, ECA, Constituição, dentre outros.
Língua Portuguesa;;EF67LP16;Explorar e analisar espaços de reclamação de direitos e de envio de solicitações (tais como ouvidorias, SAC, canais ligados a órgãos públicos, plataformas do consumidor, plataformas de reclamação), bem como de textos pertencentes a gêneros que circulam nesses espaços, reclamação ou carta de reclamação, solicitação ou carta de solicitação, como forma de ampliar as possibilidades de produção desses textos em casos que remetam a reivindicações que envolvam a escola, a comunidade ou algum de seus membros como forma de se engajar na busca de solução de problemas pessoais, dos outros e coletivos.
Língua Portuguesa;;EF67LP17;Analisar, a partir do contexto de produção, a forma de organização das cartas de solicitação e de reclamação (datação, forma de início, apresentação contextualizada do pedido ou da reclamação, em geral, acompanhada de explicações, argumentos e/ou relatos do problema, fórmula de finalização mais ou menos cordata, dependendo do tipo de carta e subscrição) e algumas das marcas linguísticas relacionadas à argumentação, explicação ou relato de fatos, como forma de possibilitar a escrita fundamentada de cartas como essas ou de postagens em canais próprios de reclamações e solicitações em situações que envolvam questões relativas à escola, à comunidade ou a algum dos seus membros.
Língua Portuguesa;;EF67LP18;Identificar o objeto da reclamação e/ou da solicitação e sua sustentação, explicação ou justificativa, de forma a poder analisar a pertinência da solicitação ou justificação.
Língua Portuguesa;;EF67LP19;Realizar levantamento de questões, problemas que requeiram a denúncia de desrespeito a direitos, reivindicações, reclamações, solicitações que contemplem a comunidade escolar ou algum de seus membros e examinar normas e legislações.
Língua Portuguesa;;EF67LP20;Realizar pesquisa, a partir de recortes e questões definidos previamente, usando fontes indicadas e abertas.
Língua Portuguesa;;EF67LP21;Divulgar resultados de pesquisas por meio de apresentações orais, painéis, artigos de divulgação científica, verbetes de enciclopédia, podcasts científicos etc.
Língua Portuguesa;;EF67LP22;Produzir resumos, a partir das notas e/ou esquemas feitos, com o uso adequado de paráfrases e citações.
Língua Portuguesa;;EF67LP23;Respeitar os turnos de fala, na participação em conversações e em discussões ou atividades coletivas, na sala de aula e na escola e formular perguntas coerentes e adequadas em momentos oportunos em situações de aulas, apresentação oral, seminário etc.
Língua Portuguesa;;EF67LP24;Tomar nota de aulas, apresentações orais, entrevistas (ao vivo, áudio, TV, vídeo), identificando e hierarquizando as informações principais, tendo em vista apoiar o estudo e a produção de sínteses e reflexões pessoais ou outros objetivos em questão.
Língua Portuguesa;;EF67LP25;Reconhecer e utilizar os critérios de organização tópica (do geral para o específico, do específico para o geral etc.), as marcas linguísticas dessa organização (marcadores de ordenação e enumeração, de explicação, definição e exemplificação, por exemplo) e os mecanismos de paráfrase, de maneira a organizar mais adequadamente a coesão e a progressão temática de seus textos.
Língua Portuguesa;;EF67LP26;Reconhecer a estrutura de hipertexto em textos de divulgação científica e proceder à remissão a conceitos e relações por meio de notas de rodapés ou boxes.
Língua Portuguesa;;EF67LP27;Analisar, entre os textos literários e entre estes e outras manifestações artísticas (como cinema, teatro, música, artes visuais e midiáticas), referências explícitas ou implícitas a outros textos, quanto aos temas, personagens e recursos literários e semióticos
Língua Portuguesa;;EF67LP28;Ler, de forma autônoma, e compreender – selecionando procedimentos e estratégias de leitura adequados a diferentes objetivos e levando em conta características dos gêneros e suportes –, romances infantojuvenis, contos populares, contos de terror, lendas brasileiras, indígenas e africanas, narrativas de aventuras, narrativas de enigma, mitos, crônicas, autobiografias, histórias em quadrinhos, mangás, poemas de forma livre e fixa (como sonetos e cordéis), vídeo-poemas, poemas visuais, dentre outros, expressando avaliação sobre o texto lido e estabelecendo preferências por gêneros, temas, autores.
Língua Portuguesa;;EF67LP29;Identificar, em texto dramático, personagem, ato, cena, fala e indicações cênicas e a organização do texto: enredo, conflitos, ideias principais, pontos de vista, universos de referência.
Língua Portuguesa;;EF67LP30;Criar narrativas ficcionais, tais como contos populares, contos de suspense, mistério, terror, humor, narrativas de enigma, crônicas, histórias em quadrinhos, dentre outros, que utilizem cenários e personagens realistas ou de fantasia, observando os elementos da estrutura narrativa próprios ao gênero pretendido, tais como enredo, personagens, tempo, espaço e narrador, utilizando tempos verbais adequados à narração de fatos passados, empregando conhecimentos sobre diferentes modos de se iniciar uma história e de inserir os discursos direto e indireto.
Língua Portuguesa;;EF67LP31;Criar poemas compostos por versos livres e de forma fixa (como quadras e sonetos), utilizando recursos visuais, semânticos e sonoros, tais como cadências, ritmos e rimas, e poemas visuais e vídeo-poemas, explorando as relações entre imagem e texto verbal, a distribuição da mancha gráfica (poema visual) e outros recursos visuais e sonoros.
Língua Portuguesa;;EF67LP32;Escrever palavras com correção ortográfica, obedecendo as convenções da língua escrita.
Língua Portuguesa;;EF67LP33;Pontuar textos adequadamente.
Língua Portuguesa;;EF67LP34;Formar antônimos com acréscimo de prefixos que expressam noção de negação.
Língua Portuguesa;;EF67LP35;Distinguir palavras derivadas por acréscimo de afixos e palavras compostas.
Língua Portuguesa;;EF67LP36;Utilizar ao produzir texto, recursos de coesão referencial (léxica e pronominal) e sequencial e outros recursos expressivos adequados ao gênero textual.
Língua Portuguesa;;EF67LP37;Analisar, em diferentes textos, os efeitos de sentido decorrentes do uso de recursos linguístico-discursivos de prescrição, causalidade, sequências descritivas e expositivas e ordenação de eventos.
Língua Portuguesa;;EF67LP38;Analisar os efeitos de sentido do uso de figuras de linguagem, como comparação, metáfora, metonímia, personificação, hipérbole, dentre outras.
Matemática;6º Ano;EF06MA01;Comparar, ordenar, ler e escrever números naturais e números racionais cuja representação decimal é finita, fazendo uso da reta numérica.
Matemática;6º Ano;EF06MA02;Reconhecer o sistema de numeração decimal, como o que prevaleceu no mundo ocidental, e destacar semelhanças e diferenças com outros sistemas, de modo a sistematizar suas principais características (base, valor posicional e função do zero), utilizando, inclusive, a composição e decomposição de números naturais e números racionais em sua representação decimal.
Matemática;6º Ano;EF06MA03;Resolver e elaborar problemas que envolvam cálculos (mentais ou escritos, exatos ou aproximados) com números naturais, por meio de estratégias variadas, com compreensão dos processos neles envolvidos com e sem uso de calculadora.
Matemática;6º Ano;EF06MA04;Construir algoritmo em linguagem natural e representá-lo por fluxograma que indique a resolução de um problema simples (por exemplo, se um número natural qualquer é par).
Matemática;6º Ano;EF06MA05;Classificar números naturais em primos e compostos, estabelecer relações entre números, expressas pelos termos “é múltiplo de”, “é divisor de”, “é fator de”, e estabelecer, por meio de investigações, critérios de divisibilidade por 2, 3, 4, 5, 6, 8, 9, 10, 100 e 1000.
Matemática;6º Ano;EF06MA06;Resolver e elaborar problemas que envolvam as ideias de múltiplo e de divisor.
Matemática;6º Ano;EF06MA07;Compreender, comparar e ordenar frações associadas às ideias de partes de inteiros e resultado de divisão, identificando frações equivalentes.
Matemática;6º Ano;EF06MA08;Reconhecer que os números racionais positivos podem ser expressos nas formas fracionária e decimal, estabelecer relações entre essas representações, passando de uma representação para outra, e relacioná-los a pontos na reta numérica.
Matemática;6º Ano;EF06MA09;Resolver e elaborar problemas que envolvam o cálculo da fração de uma quantidade e cujo resultado seja um número natural, com e sem uso de calculadora.
Matemática;6º Ano;EF06MA10;Resolver e elaborar problemas que envolvam adição ou subtração com números racionais positivos na representação fracionária.
Matemática;6º Ano;EF06MA11;Resolver e elaborar problemas com números racionais positivos na representação decimal, envolvendo as quatro operações fundamentais e a potenciação, por meio de estratégias diversas, utilizando estimativas e arredondamentos para verificar a razoabilidade de respostas, com e sem uso de calculadora.
Matemática;6º Ano;EF06MA12;Fazer estimativas de quantidades e aproximar números para múltiplos da potência de 10 mais próxima.
Matemática;6º Ano;EF06MA13;Resolver e elaborar problemas que envolvam porcentagens, com base na ideia de proporcionalidade, sem fazer uso da “regra de três”, utilizando estratégias pessoais, cálculo mental e calculadora, em contextos de educação financeira, entre outros.
Matemática;6º Ano;EF06MA14;Reconhecer que a relação de igualdade matemática não se altera ao adicionar, subtrair, multiplicar ou dividir os seus dois membros por um mesmo número e utilizar essa noção para determinar valores desconhecidos na resolução de problemas.
Matemática;6º Ano;EF06MA15;Resolver e elaborar problemas que envolvam a partilha de uma quantidade em duas partes desiguais, envolvendo relações aditivas e multiplicativas, bem como a razão entre as partes e entre uma das partes e o todo.
Matemática;6º Ano;EF06MA16;Associar pares ordenados de números a pontos do plano cartesiano do 1º quadrante, em situações como a localização dos vértices de um polígono.
Matemática;6º Ano;EF06MA17;Quantificar e estabelecer relações entre o número de vértices, faces e arestas de prismas e pirâmides, em função do seu polígono da base, para resolver problemas e desenvolver a percepção espacial.
Matemática;6º Ano;EF06MA18;Reconhecer, nomear e comparar polígonos, considerando lados, vértices e ângulos, e classificá-los em regulares e não regulares, tanto em suas representações no plano como em faces de poliedros
Matemática;6º Ano;EF06MA19;Identificar características dos triângulos e classificá-los em relação às medidas dos lados e dos ângulos.
Matemática;6º Ano;EF06MA20;Identificar características dos quadriláteros, classificá-los em relação a lados e a ângulos e reconhecer a inclusão e a intersecção de classes entre eles.
Matemática;6º Ano;EF06MA21;Construir figuras planas semelhantes em situações de ampliação e de redução, com o uso de malhas quadriculadas, plano cartesiano ou tecnologias digitais.
Matemática;6º Ano;EF06MA22;Utilizar instrumentos, como réguas e esquadros, ou softwares para representações de retas paralelas e perpendiculares e construção de quadriláteros, entre outros.
Matemática;6º Ano;EF06MA23;Construir algoritmo para resolver situações passo a passo (como na construção de dobraduras ou na indicação de deslocamento de um objeto no plano segundo pontos de referência e distâncias fornecidas etc.)
Matemática;6º Ano;EF06MA24;Resolver e elaborar problemas que envolvam as grandezas comprimento, massa, tempo, temperatura, área (triângulos e retângulos), capacidade e volume (sólidos formados por blocos retangulares), sem uso de fórmulas, inseridos, sempre que possível, em contextos oriundos de situações reais e/ou relacionadas às outras áreas do conhecimento.
Matemática;6º Ano;EF06MA25;Reconhecer a abertura do ângulo como grandeza associada às figuras geométricas.
Matemática;6º Ano;EF06MA26;Resolver problemas que envolvam a noção de ângulo em diferentes contextos e em situações reais, como ângulo de visão.
Matemática;6º Ano;EF06MA27;Determinar medidas da abertura de ângulos, por meio de transferidor e/ou tecnologias digitais.
Matemática;6º Ano;EF06MA28;Interpretar, descrever e desenhar plantas baixas simples de residências e vistas aéreas.
Matemática;6º Ano;EF06MA29;Analisar e descrever mudanças que ocorrem no perímetro e na área de um quadrado ao se ampliarem ou reduzirem, igualmente, as medidas de seus lados, para compreender que o perímetro é proporcional à medida do lado, o que não ocorre com a área.
Matemática;6º Ano;EF06MA30;Calcular a probabilidade de um evento aleatório, expressando-a por número racional (forma fracionária, decimal e percentual) e comparar esse número com a probabilidade obtida por meio de experimentos sucessivos.
Matemática;6º Ano;EF06MA31;Identificar as variáveis e suas frequências e os elementos constitutivos (título, eixos, legendas, fontes e datas) em diferentes tipos de gráfico.
Matemática;6º Ano;EF06MA32;Interpretar e resolver situações que envolvam dados de pesquisas sobre contextos ambientais, sustentabilidade, trânsito, consumo responsável, entre outros, apresentadas pela mídia em tabelas e em diferentes tipos de gráficos e redigir textos escritos com o objetivo de sintetizar conclusões.
Matemática;6º Ano;EF06MA33;Planejar e coletar dados de pesquisa referente a práticas sociais escolhidas pelos alunos e fazer uso de planilhas eletrônicas para registro, representação e interpretação das informações, em tabelas, vários tipos de gráficos e texto.
Matemática;6º Ano;EF06MA34;Interpretar e desenvolver fluxogramas simples, identificando as relações entre os objetos representados (por exemplo, posição de cidades considerando as estradas que as unem, hierarquia dos funcionários de uma empresa etc.).
Matemática;7º Ano;EF07MA01;Resolver e elaborar problemas com números naturais, envolvendo as noções de divisor e de múltiplo, podendo incluir máximo divisor comum ou mínimo múltiplo comum, por meio de estratégias diversas, sem a aplicação de algoritmos.
Matemática;7º Ano;EF07MA02;Resolver e elaborar problemas que envolvam porcentagens, como os que lidam com acréscimos e decréscimos simples, utilizando estratégias pessoais, cálculo mental e calculadora, no contexto de educação financeira, entre outros.
Matemática;7º Ano;EF07MA03;Comparar e ordenar números inteiros em diferentes contextos, incluindo o histórico, associá-los a pontos da reta numérica e utilizá-los em situações que envolvam adição e subtração.
Matemática;7º Ano;EF07MA04;Resolver e elaborar problemas que envolvam operações com números inteiros.
Matemática;7º Ano;EF07MA05;Resolver um mesmo problema utilizando diferentes algoritmos.
Matemática;7º Ano;EF07MA06;Reconhecer que as resoluções de um grupo de problemas que têm a mesma estrutura podem ser obtidas utilizando os mesmos procedimentos.
Matemática;7º Ano;EF07MA07;Representar por meio de um fluxograma os passos utilizados para resolver um grupo de problemas.
Matemática;7º Ano;EF07MA08;Comparar e ordenar frações associadas às ideias de partes de inteiros, resultado da divisão, razão e operador.
Matemática;7º Ano;EF07MA09;Utilizar, na resolução de problemas, a associação entre razão e fração, como a fração 2/3 para expressar a razão de duas partes de uma grandeza para três partes da mesma ou três partes de outra grandeza.
Matemática;7º Ano;EF07MA10;Comparar e ordenar números racionais em diferentes contextos e associá-los a pontos da reta numérica.
Matemática;7º Ano;EF07MA11;Compreender e utilizar a multiplicação e a divisão de números racionais, a relaçãomentre elas e suas propriedades operatórias.
Matemática;7º Ano;EF07MA12;Resolver e elaborar problemas que envolvam as operações com números racionais.
Matemática;7º Ano;EF07MA13;Compreender a ideia de variável, representada por letra ou símbolo, para expressar relação entre duas grandezas, diferenciando-a da ideia de incógnita.
Matemática;7º Ano;EF07MA14;Classificar sequências em recursivas e não recursivas, reconhecendo que o conceito de recursão está presente não apenas na matemática, mas também nas artes e na literatura.
Matemática;7º Ano;EF07MA15;Utilizar a simbologia algébrica para expressar regularidades encontradas em sequências numéricas.
Matemática;7º Ano;EF07MA16;Reconhecer se duas expressões algébricas obtidas para descrever a regularidade de uma mesma sequência numérica são ou não equivalentes.
Matemática;7º Ano;EF07MA17;Resolver e elaborar problemas que envolvam variação de proporcionalidade direta e de proporcionalidade inversa entre duas grandezas, utilizando sentença algébrica para expressar a relação entre elas.
Matemática;7º Ano;EF07MA18;Resolver e elaborar problemas que possam ser representados por equações polinomiais de 1º grau, redutíveis à forma ax + b = c, fazendo uso das propriedades da igualdade.
Matemática;7º Ano;EF07MA19;Realizar transformações de polígonos representados no plano cartesiano, decorrentes da multiplicação das coordenadas de seus vértices por um número inteiro.
Matemática;7º Ano;EF07MA20;Reconhecer e representar, no plano cartesiano, o simétrico de figuras em relação aos eixos e à origem.
Matemática;7º Ano;EF07MA21;Reconhecer e construir figuras obtidas por simetrias de translação, rotação e reflexão, usando instrumentos de desenho ou softwares de geometria dinâmica e vincular esse estudo a representações planas de obras de arte, elementos arquitetônicos, entre outros.
Matemática;7º Ano;EF07MA22;Construir circunferências, utilizando compasso, reconhecê-las como lugar geométrico e utilizá-las para fazer composições artísticas e resolver problemas que envolvam objetos equidistantes.
Matemática;7º Ano;EF07MA23;Verificar relações entre os ângulos formados por retas paralelas cortadas por uma transversal, com e sem uso de softwares de geometria dinâmica.
Matemática;7º Ano;EF07MA24;Construir triângulos, usando régua e compasso, reconhecer a condição de existência do triângulo quanto à medida dos lados e verificar que a soma das medidas dos ângulos internos de um triângulo é 180°.
Matemática;7º Ano;EF07MA25;Reconhecer a rigidez geométrica dos triângulos e suas aplicações, como na construção de estruturas arquitetônicas (telhados, estruturas metálicas e outras) ou nas artes plásticas.
Matemática;7º Ano;EF07MA26;Descrever, por escrito e por meio de um fluxograma, um algoritmo para a construção de um triângulo qualquer, conhecidas as medidas dos três lados.
Matemática;7º Ano;EF07MA27;Calcular medidas de ângulos internos de polígonos regulares, sem o uso de fórmulas, e estabelecer relações entre ângulos internos e externos de polígonos, preferencialmente vinculadas à construção de mosaicos e de ladrilhamentos.
Matemática;7º Ano;EF07MA28;Descrever, por escrito e por meio de um fluxograma, um algoritmo para a construção de um polígono regular (como quadrado e triângulo equilátero), conhecida a medida de seu lado.
Matemática;7º Ano;EF07MA29;Resolver e elaborar problemas que envolvam medidas de grandezas inseridos em contextos oriundos de situações cotidianas ou de outras áreas do conhecimento, reconhecendo que toda medida empírica é aproximada.
Matemática;7º Ano;EF07MA30;Resolver e elaborar problemas de cálculo de medida do volume de blocos retangulares, envolvendo as unidades usuais (metro cúbico, decímetro cúbico e centímetro cúbico).
Matemática;7º Ano;EF07MA31;Estabelecer expressões de cálculo de área de triângulos e de quadriláteros.
Matemática;7º Ano;EF07MA32;Resolver e elaborar problemas de cálculo de medida de área de figuras planas que podem ser decompostas por quadrados, retângulos e/ou triângulos, utilizando a equivalência entre áreas.
Matemática;7º Ano;EF07MA33;Estabelecer o número como a razão entre a medida de uma circunferência e seu diâmetro, para compreender e resolver problemas, inclusive os de natureza histórica.
Matemática;7º Ano;EF07MA34;Planejar e realizar experimentos aleatórios ou simulações que envolvem cálculo de probabilidades ou estimativas por meio de frequência de ocorrências.
Matemática;7º Ano;EF07MA35;Compreender, em contextos significativos, o significado de média estatística como indicador da tendência de uma pesquisa, calcular seu valor e relacioná-lo, intuitivamente, com a amplitude do conjunto de dados.
Matemática;7º Ano;EF07MA36;Planejar e realizar pesquisa envolvendo tema da realidade social, identificando a necessidade de ser censitária ou de usar amostra, e interpretar os dados para comunicá-los por meio de relatório escrito, tabelas e gráficos, com o apoio de planilhas eletrônicas.
Matemática;7º Ano;EF07MA37;Interpretar e analisar dados apresentados em gráfico de setores divulgados pela mídia e compreender quando é possível ou conveniente sua utilização.
Matemática;8º Ano;EF08MA01;Efetuar cálculos com potências de expoentes inteiros e aplicar esse conhecimento na representação de números em notação científica.
Matemática;8º Ano;EF08MA02;Resolver e elaborar problemas usando a relação entre potenciação e radiciação, para representar uma raiz como potência de expoente fracionário.
Matemática;8º Ano;EF08MA03;Resolver e elaborar problemas de contagem cuja resolução envolva a aplicação do princípio multiplicativo.
Matemática;8º Ano;EF08MA04;Resolver e elaborar problemas, envolvendo cálculo de porcentagens, incluindo o uso de tecnologias digitais.
Matemática;8º Ano;EF08MA05;Reconhecer e utilizar procedimentos para a obtenção de uma fração geratriz para uma dízima periódica.
Matemática;8º Ano;EF08MA06;Resolver e elaborar problemas que envolvam cálculo do valor numérico de expressões algébricas, utilizando as propriedades das operações.
Matemática;8º Ano;EF08MA07;Associar uma equação linear de 1º grau com duas incógnitas a uma reta no plano cartesiano.
Matemática;8º Ano;EF08MA08;Resolver e elaborar problemas relacionados ao seu contexto próximo, que possam ser representados por sistemas de equações de 1º grau com duas incógnitas e interpretá-los, utilizando, inclusive, o plano cartesiano como recurso.
Matemática;8º Ano;EF08MA09;Resolver e elaborar, com e sem uso de tecnologias, problemas que possam ser representados por equações polinomiais de 2º grau do tipo ax2 = b.
Matemática;8º Ano;EF08MA10;Identificar a regularidade de uma sequência numérica ou figural não recursiva e construir um algoritmo por meio de um fluxograma que permita indicar os números ou as figuras seguintes.
Matemática;8º Ano;EF08MA11;Identificar a regularidade de uma sequência numérica recursiva e construir um algoritmo por meio de um fluxograma que permita indicar os números seguintes.
Matemática;8º Ano;EF08MA12;Identificar a natureza da variação de duas grandezas, diretamente, inversamente proporcionais ou não proporcionais, expressando a relação existente por meio de sentença algébrica e representá-la no plano cartesiano.
Matemática;8º Ano;EF08MA13;Resolver e elaborar problemas que envolvam grandezas diretamente ou inversamente proporcionais, por meio de estratégias variadas.
Matemática;8º Ano;EF08MA14;Demonstrar propriedades de quadriláteros por meio da identificação da congruência de triângulos.
Matemática;8º Ano;EF08MA15;Construir, utilizando instrumentos de desenho ou softwares de geometria dinâmica, mediatriz, bissetriz, ângulos de 90°, 60°, 45° e 30° e polígonos regulares.
Matemática;8º Ano;EF08MA16;Descrever, por escrito e por meio de um fluxograma, um algoritmo para a construção de um hexágono regular de qualquer área, a partir da medida do ângulo central e da utilização de esquadros e compasso.
Matemática;8º Ano;EF08MA17;Aplicar os conceitos de mediatriz e bissetriz como lugares geométricos na resolução de problemas.
Matemática;8º Ano;EF08MA18;Reconhecer e construir figuras obtidas por composições de transformações geométricas (translação, reflexão e rotação), com o uso de instrumentos de desenho ou de softwares de geometria dinâmica.
Matemática;8º Ano;EF08MA19;Resolver e elaborar problemas que envolvam medidas de área de figuras geométricas, utilizando expressões de cálculo de área (quadriláteros, triângulos e círculos), em situações como determinar medida de terrenos.
Matemática;8º Ano;EF08MA20;Reconhecer a relação entre um litro e um decímetro cúbico e a relação entre litro e metro cúbico, para resolver problemas de cálculo de capacidade de recipientes.
Matemática;8º Ano;EF08MA21;Resolver e elaborar problemas que envolvam o cálculo do volume de recipiente cujo formato é o de um bloco retangular.
Matemática;8º Ano;EF08MA22;Calcular a probabilidade de eventos, com base na construção do espaço amostral, utilizando o princípio multiplicativo, e reconhecer que a soma das probabilidades de todos os elementos do espaço amostral é igual a 1.
Matemática;8º Ano;EF08MA23;Avaliar a adequação de diferentes tipos de gráficos para representar um conjunto de dados de uma pesquisa.
Matemática;8º Ano;EF08MA24;Classificar as frequências de uma variável contínua de uma pesquisa em classes, de modo que resumam os dados de maneira adequada para a tomada de decisões.
Matemática;8º Ano;EF08MA25;Obter os valores de medidas de tendência central de uma pesquisa estatística (média, moda e mediana) com a compreensão de seus significados e relacioná-los com a dispersão de dados, indicada pela amplitude.
Matemática;8º Ano;EF08MA26;Selecionar razões, de diferentes naturezas (física, ética ou econômica), que justificam a realização de pesquisas amostrais e não censitárias, e reconhecer que a seleção da amostra pode ser feita de diferentes maneiras (amostra casual simples, sistemática e estratificada).
Matemática;8º Ano;EF08MA27;Planejar e executar pesquisa amostral, selecionando uma técnica de amostragem adequada, e escrever relatório que contenha os gráficos apropriados para representar os conjuntos de dados, destacando aspectos como as medidas de tendência central, a amplitude e as conclusões.
Matemática;9º Ano;EF09MA01;Reconhecer que, uma vez fixada uma unidade de comprimento, existem segmentos de reta cujo comprimento não é expresso por número racional (como as medidas de diagonais de um polígono e alturas de um triângulo, quando se toma a medida de cada lado como unidade).
Matemática;9º Ano;EF09MA02;Reconhecer um número irracional como um número real cuja representação decimal é infinita e não periódica, e estimar a localização de alguns deles na reta numérica.
Matemática;9º Ano;EF09MA03;Efetuar cálculos com números reais, inclusive potências com expoentes fracionários.
Matemática;9º Ano;EF09MA04;Resolver e elaborar problemas com números reais, inclusive em notação científica, envolvendo diferentes operações.
Matemática;9º Ano;EF09MA05;Resolver e elaborar problemas que envolvam porcentagens, com a ideia de aplicação de percentuais sucessivos e a determinação das taxas percentuais, preferencialmente com o uso de tecnologias digitais, no contexto da educação financeira.
Matemática;9º Ano;EF09MA06;Compreender as funções como relações de dependência unívoca entre duas variáveis e suas representações numérica, algébrica e gráfica e utilizar esse conceito para analisar situações que envolvam relações funcionais entre duas variáveis.
Matemática;9º Ano;EF09MA07;Resolver problemas que envolvam a razão entre duas grandezas de espécies diferentes, como velocidade e densidade demográfica.
Matemática;9º Ano;EF09MA08;Resolver e elaborar problemas que envolvam relações de proporcionalidade direta e inversa entre duas ou mais grandezas, inclusive escalas, divisão em partes proporcionais e taxa de variação, em contextos socioculturais, ambientais e de outras áreas.
Matemática;9º Ano;EF09MA09;Compreender os processos de fatoração de expressões algébricas, com base em suas relações com os produtos notáveis, para resolver e elaborar problemas que possam ser representados por equações polinomiais do 2º grau.
Matemática;9º Ano;EF09MA10;Demonstrar relações simples entre os ângulos formados por retas paralelas cortadas por uma transversal.
Matemática;9º Ano;EF09MA11;Resolver problemas por meio do estabelecimento de relações entre arcos, ângulos centrais e ângulos inscritos na circunferência, fazendo uso, inclusive, de softwares de geometria dinâmica.
Matemática;9º Ano;EF09MA12;Reconhecer as condições necessárias e suficientes para que dois triângulos sejam semelhantes.
Matemática;9º Ano;EF09MA13;Demonstrar relações métricas do triângulo retângulo, entre elas o teorema de Pitágoras, utilizando, inclusive, a semelhança de triângulos.
Matemática;9º Ano;EF09MA14;Resolver e elaborar problemas de aplicação do teorema de Pitágoras ou das relações de proporcionalidade envolvendo retas paralelas cortadas por secantes.
Matemática;9º Ano;EF09MA15;Descrever, por escrito e por meio de um fluxograma, um algoritmo para a construção de um polígono regular cuja medida do lado é conhecida, utilizando régua e compasso, como também softwares.
Matemática;9º Ano;EF09MA16;Determinar o ponto médio de um segmento de reta e a distância entre dois pontos quaisquer, dadas as coordenadas desses pontos no plano cartesiano, sem o uso de fórmulas, e utilizar esse conhecimento para calcular, por exemplo, medidas de perímetros e áreas de figuras planas construídas no plano.
Matemática;9º Ano;EF09MA17;Reconhecer vistas ortogonais de figuras espaciais e aplicar esse conhecimento para desenhar objetos em perspectiva.
Matemática;9º Ano;EF09MA18;Reconhecer e empregar unidades usadas para expressar medidas muito grandes ou muito pequenas, tais como distância entre planetas e sistemas solares, tamanho de vírus ou de células, capacidade de armazenamento de computadores, entre outros.
Matemática;9º Ano;EF09MA19;Resolver e elaborar problemas que envolvam medidas de volumes de prismas e de cilindros retos, inclusive com uso de expressões de cálculo, em situações cotidianas.
Matemática;9º Ano;EF09MA20;Reconhecer, em experimentos aleatórios, eventos independentes e dependentes e calcular a probabilidade de sua ocorrência, nos dois casos.
Matemática;9º Ano;EF09MA21;Analisar e identificar, em gráficos divulgados pela mídia, os elementos que podem induzir, às vezes propositadamente, erros de leitura, como escalas inapropriadas, legendas não explicitadas corretamente, omissão de informações importantes (fontes e datas), entre outros.
Matemática;9º Ano;EF09MA22;Escolher e construir o gráfico mais adequado (colunas, setores, linhas), com ou sem uso de planilhas eletrônicas, para apresentar um determinado conjunto de dados, destacando aspectos como as medidas de tendência central.
Matemática;9º Ano;EF09MA23;Planejar e executar pesquisa amostral envolvendo tema da realidade social e comunicar os resultados por meio de relatório contendo avaliação de medidas de tendência central e da amplitude, tabelas e gráficos adequados, construídos com o apoio de planilhas eletrônicas.
